Province,Province_Code,Name
Alicante,alc,Abiss. Solymar Gran Hotel
Alicante,alc,Alasazón. Hotel Serawa Alicante
Alicante,alc,Alfonso Restaurante
Alicante,alc,Alma de Barra
Alicante,alc,Amas. Hotel AR Diamante Beach
Alicante,alc,Asador Ilicitano
Alicante,alc,Audrey's. Hotel Ar Diamante Beach
Alicante,alc,Auroch
Alicante,alc,Ausiàs
Alicante,alc,Azul
Alicante,alc,Bar Manero Balmis
Alicante,alc,Beat. The Cookbook Hotel & Spa
Alicante,alc,Bigoli
Alicante,alc,Bocarriba Cocina
Alicante,alc,Bodega Restaurante Casa Sicilia
Alicante,alc,BonAmb
Alicante,alc,Borg Raíces y Alas
Alicante,alc,Béton Brut
Alicante,alc,Ca Joan
Alicante,alc,Ca Marta
Alicante,alc,Cachito Restaurant
Alicante,alc,Casa Bernardi
Alicante,alc,Casa Coco Santa Pola
Alicante,alc,Casa Pachell
Alicante,alc,Casa Pepa
Alicante,alc,Casa Riquelme
Alicante,alc,Casa Segis
Alicante,alc,Casa Tomás Restaurante
Alicante,alc,Cervecería El Cantó
Alicante,alc,Cervecería Max
Alicante,alc,Chaflán O'Donell
Alicante,alc,Ché Ragazzi
Alicante,alc,Cisoria Restaurante
Alicante,alc,César Anca
Alicante,alc,Dársena
Alicante,alc,El Abeto
Alicante,alc,El Baret de Miquel Ruiz
Alicante,alc,El Carreter
Alicante,alc,El Cranc Chiringuito
Alicante,alc,El Faralló
Alicante,alc,El Frontón Restaurante
Alicante,alc,El Granaíno
Alicante,alc,El Marino Port
Alicante,alc,El Meloso
Alicante,alc,El Norte Euskal Jatetxea
Alicante,alc,El Pony
Alicante,alc,El Portal
Alicante,alc,El Xato i Cristina Figueira
Alicante,alc,Enso Sushi
Alicante,alc,Espacio Montoro
Alicante,alc,Fetén
Alicante,alc,Finca Santa Luzia
Alicante,alc,Flamingo English Bar
Alicante,alc,Fondillón Restaurante. Hotel Hospes Amérigo
Alicante,alc,Frattelli Pazzi
Alicante,alc,Frisone
Alicante,alc,Gastronómica Egun
Alicante,alc,Gema Penalva Resto-Bar
Alicante,alc,Hogar del Pescador
Alicante,alc,Isabel Pedrera
Alicante,alc,J Gourmet
Alicante,alc,J Gourmet Castaños
Alicante,alc,Kitagawa
Alicante,alc,Koiné Bistró
Alicante,alc,Komfort. The Cookbook Hotel & Spa
Alicante,alc,L'Escaleta
Alicante,alc,L'Olleta Club del Mar
Alicante,alc,La Bienservida
Alicante,alc,La Casa del Reloj
Alicante,alc,La Cierva
Alicante,alc,La Ereta
Alicante,alc,La Finca
Alicante,alc,La Gamba
Alicante,alc,La Marmita Alicantina
Alicante,alc,La Masía de Chencho
Alicante,alc,La Perla de Jávea
Alicante,alc,La Sirena
Alicante,alc,La Taberna del Gourmet San Fernando
Alicante,alc,La Taverna Racó del Pla
Alicante,alc,La Vaquería
Alicante,alc,Le Sol Restaurant
Alicante,alc,Lolo Restaurante
Alicante,alc,Los Troncos
Alicante,alc,Lula by Aurora Torres
Alicante,alc,Maestral Restaurante
Alicante,alc,Mare
Alicante,alc,Mesón Maigmó
Alicante,alc,Mesón Marinero
Alicante,alc,Misto. La Finca Resort
Alicante,alc,Moments Bar
Alicante,alc,Monastrell
Alicante,alc,Natsu Ramen
Alicante,alc,Nou Manolín
Alicante,alc,Nou Palas
Alicante,alc,Obrador Peccati di Gola
Alicante,alc,Onami
Alicante,alc,One One
Alicante,alc,Open
Alicante,alc,Orma
Alicante,alc,Orobianco
Alicante,alc,Ostrarium Bar
Alicante,alc,Paco Gil
Alicante,alc,Peix i Brases
Alicante,alc,Plëgat
Alicante,alc,Pocardy Restaurant. Hotel Almirante
Alicante,alc,Pont Sec
Alicante,alc,Puerto Madero
Alicante,alc,Puntapiedra
Alicante,alc,Quique Dacosta Restaurant
Alicante,alc,Racó d'Anna
Alicante,alc,Regina
Alicante,alc,Restaurante Andra Mari
Alicante,alc,Restaurante Baeza & Rufete
Alicante,alc,Restaurante Bar Quintín
Alicante,alc,Restaurante Batiste
Alicante,alc,Restaurante Casa Pepe
Alicante,alc,Restaurante Convistas. Hotel Alicante Gran Sol
Alicante,alc,Restaurante Elías
Alicante,alc,Restaurante La Peña
Alicante,alc,Restaurante Mar Azul
Alicante,alc,Restaurante Mi Casa Alicante
Alicante,alc,Restaurante Piripi
Alicante,alc,Restaurante Pulpería Narcea
Alicante,alc,Restaurante Santi
Alicante,alc,Restaurante Toch
Alicante,alc,Restaurante Xiri
Alicante,alc,Santabar
Alicante,alc,Seis Perlas
Alicante,alc,Steki Restaurante
Alicante,alc,Sushi Bar Tottori
Alicante,alc,Templo
Alicante,alc,Terre
Alicante,alc,Teselas
Alicante,alc,To-Bar Villafranqueza
Alicante,alc,Toy Ristorante
Alicante,alc,Tribeca
Alicante,alc,Tula
Alicante,alc,Ukiyo
Alicante,alc,Valencia Once Restaurante
Alicante,alc,Varadero
Alicante,alc,Villa Bandida
Alicante,alc,XqNo?
Alicante,alc,Zagálico
Alicante,alc,Ó de Óliver
Asturias,ast,Abarike Restaurante
Asturias,ast,Abrelatas
Asturias,ast,Alalunga
Asturias,ast,Alenda
Asturias,ast,Arraigo
Asturias,ast,Asador Coríu
Asturias,ast,Asador La Bolera
Asturias,ast,Auga Restaurante
Asturias,ast,Ayalga. Hotel Villa Rosario
Asturias,ast,Bar Blanco Restaurante
Asturias,ast,Bar Camacho
Asturias,ast,Bocamar
Asturias,ast,Ca Vitoriano
Asturias,ast,Ca'Suso
Asturias,ast,Ca'l Xabú
Asturias,ast,Cabo Vidio. Hotel Cabo Vidio
Asturias,ast,Cadejo Wine Bar
Asturias,ast,Carbón
Asturias,ast,Casa Arturo
Asturias,ast,Casa Belarmino
Asturias,ast,Casa Chema
Asturias,ast,Casa Chuchu
Asturias,ast,Casa Consuelo. Hotel Casa Consuelo
Asturias,ast,Casa Covián
Asturias,ast,Casa Cristina
Asturias,ast,Casa El Sastre
Asturias,ast,Casa Eutimio. Hotel Casa Eutimio
Asturias,ast,Casa Evarista
Asturias,ast,Casa Farpón Asador
Asturias,ast,Casa Fermín
Asturias,ast,Casa Félix
Asturias,ast,Casa Gerardo
Asturias,ast,Casa Laure
Asturias,ast,Casa Lin
Asturias,ast,Casa Lobato
Asturias,ast,Casa Lula. Hotel Casa Lula
Asturias,ast,Casa Marcial
Asturias,ast,Casa Pilar
Asturias,ast,Casa Rula
Asturias,ast,Casa Tataguyo
Asturias,ast,Casa Telva
Asturias,ast,Castru Gaiteru
Asturias,ast,Cocina Cabal
Asturias,ast,Curuxera Brewery
Asturias,ast,D de Diego
Asturias,ast,El Balcón de Bueño
Asturias,ast,El Borne by Galán de Alejandro
Asturias,ast,El Bálamu
Asturias,ast,El Cenador del Azul
Asturias,ast,El Corral del Indianu
Asturias,ast,El Cuchareru
Asturias,ast,El Cuera
Asturias,ast,El Ferroviario
Asturias,ast,El Llar de Viri
Asturias,ast,El Llar de la Catedral
Asturias,ast,El Medio Lleno
Asturias,ast,El Mirador
Asturias,ast,El Molín de Mingo
Asturias,ast,El Ovetense. Hotel El Ovetense
Asturias,ast,El Pandora
Asturias,ast,El Parador del Rey
Asturias,ast,El Pañol
Asturias,ast,El Pintu
Asturias,ast,El Recetario
Asturias,ast,El Retiro
Asturias,ast,El Rompeolas
Asturias,ast,El Verano
Asturias,ast,Farragua
Asturias,ast,Ferpel
Asturias,ast,Fumu Omakase
Asturias,ast,Gloria Gijón
Asturias,ast,Gloria Oviedo
Asturias,ast,Güeyu Mar
Asturias,ast,Kaisen Sushi Bar
Asturias,ast,Kausa Taberna
Asturias,ast,Komiwa
Asturias,ast,L'Italiano di Maria
Asturias,ast,La Cacharrería
Asturias,ast,La Caja del Pandora
Asturias,ast,La Corte de Pelayo
Asturias,ast,La Galga
Asturias,ast,La Huertona
Asturias,ast,La Jaula de los Tres Grillos
Asturias,ast,La Nueva Zamorana
Asturias,ast,La Pondala
Asturias,ast,La Puerta de Cimadevilla
Asturias,ast,La Raíz 15 Casa de Comidas
Asturias,ast,La Reguerina
Asturias,ast,La Rula
Asturias,ast,La Tabernilla de Oviedo
Asturias,ast,La Tabla
Asturias,ast,La Tortuga
Asturias,ast,La Venta del Jamón
Asturias,ast,La Viera
Asturias,ast,Las Rías Gijón
Asturias,ast,Llantares de Pelayo
Asturias,ast,Llumbre
Asturias,ast,Los Llaureles
Asturias,ast,Los Pisones
Asturias,ast,Mamáguaja
Asturias,ast,Marcos
Asturias,ast,Married Cocina
Asturias,ast,Mesón El Centro
Asturias,ast,Mesón Sancho
Asturias,ast,Mi Candelita
Asturias,ast,Monte
Asturias,ast,Narbasu. Hotel Narbasu
Asturias,ast,Nastura
Asturias,ast,Native
Asturias,ast,Navaja Concept
Asturias,ast,Pedro Martino
Asturias,ast,Puebloastur. Puebloastur Eco Resort Hotel & Spa
Asturias,ast,Quince Nudos
Asturias,ast,Radici
Asturias,ast,Real Balneario
Asturias,ast,Regueiro
Asturias,ast,Restaurante El Molin
Asturias,ast,Restaurante El Torneiro. Hotel Rural El Torneiro
Asturias,ast,Restaurante Sidra Ballongo
Asturias,ast,Restaurante V. Crespo
Asturias,ast,Restaurante del Arco
Asturias,ast,Restaurante del Parador de Corias
Asturias,ast,Roble by Jairo Rodríguez
Asturias,ast,Ronda 14 Avilés
Asturias,ast,Sidrería El Roxu
Asturias,ast,TC28
Asturias,ast,Taberna Salcedo
Asturias,ast,Tella. Hotel CoolRooms Palacio de Luces
Asturias,ast,Texu. Centro de Ecoturismo Tierra del Agua
Asturias,ast,Tixileiro. Núcleo Rural Tixileiro
Asturias,ast,Umami
Asturias,ast,Vista Alegre. Hotel Vista Alegre
Asturias,ast,Viñao
Asturias,ast,Yanik
Asturias,ast,Yume
Asturias,ast,Zascandil
Barcelona,bcn,99 Sushi Bar
Barcelona,bcn,Abac Restaurant & Hotel
Barcelona,bcn,Alapar
Barcelona,bcn,Aleia. Hotel Casa Fuster
Barcelona,bcn,Alkimia
Barcelona,bcn,Alkostat
Barcelona,bcn,Almarge
Barcelona,bcn,Amar Barcelona. Hotel El Palace
Barcelona,bcn,Angle
Barcelona,bcn,Atempo
Barcelona,bcn,Bages 964. Oller del Mas
Barcelona,bcn,Bar Bocata 2
Barcelona,bcn,Bar Donzell
Barcelona,bcn,Bar Lorenzo
Barcelona,bcn,Bar Milagros
Barcelona,bcn,Bardeni El Meatbar
Barcelona,bcn,Barra Oso
Barcelona,bcn,Bera por Martín Berasategui
Barcelona,bcn,Bisavis
Barcelona,bcn,Bodega Bonay
Barcelona,bcn,Bonanova
Barcelona,bcn,Bottega Bernacca
Barcelona,bcn,Brabo
Barcelona,bcn,Ca L'Isidre
Barcelona,bcn,Caelis
Barcelona,bcn,Cal Pep
Barcelona,bcn,Cal Tallón
Barcelona,bcn,Can Jubany
Barcelona,bcn,Can Pineda
Barcelona,bcn,Can Saia
Barcelona,bcn,Can Vallés
Barcelona,bcn,Can Xurrades
Barcelona,bcn,Capet
Barcelona,bcn,Carballeira
Barcelona,bcn,Casa Parera
Barcelona,bcn,Casa Platos
Barcelona,bcn,Casa Varela
Barcelona,bcn,Chambacú
Barcelona,bcn,Chichu's
Barcelona,bcn,Cinc Sentits
Barcelona,bcn,Circolo Popolare
Barcelona,bcn,Cocina Hermanos Torres
Barcelona,bcn,Come by Paco Méndez
Barcelona,bcn,Compartir Barcelona
Barcelona,bcn,Coure
Barcelona,bcn,Cruix
Barcelona,bcn,Direkte
Barcelona,bcn,Disfrutar
Barcelona,bcn,Dos Palillos
Barcelona,bcn,El Racó d'en Binu
Barcelona,bcn,El Rectangle
Barcelona,bcn,Els Casals
Barcelona,bcn,Enigma
Barcelona,bcn,Enoteca Paco Pérez. Hotel Arts
Barcelona,bcn,Espacio Uma
Barcelona,bcn,Estimar
Barcelona,bcn,Finca Nebot
Barcelona,bcn,Fishology
Barcelona,bcn,Fonda Balmes
Barcelona,bcn,Fronda Pasaje
Barcelona,bcn,Gastro Garatxe
Barcelona,bcn,Gorría
Barcelona,bcn,Granja Elena
Barcelona,bcn,Gresca
Barcelona,bcn,Hisop
Barcelona,bcn,Hispania
Barcelona,bcn,Igueldo
Barcelona,bcn,Koy Shunka
Barcelona,bcn,Kresala
Barcelona,bcn,La Bonaigua
Barcelona,bcn,La Estrella 1924
Barcelona,bcn,La Masia Sallent - Germans Parareda
Barcelona,bcn,La Taverna d'en Grivé
Barcelona,bcn,La Taverna del Clínic
Barcelona,bcn,La Terraza del Factor
Barcelona,bcn,La Venta
Barcelona,bcn,Lasarte
Barcelona,bcn,Les Voltes de Sant Sebastià
Barcelona,bcn,Lluerna
Barcelona,bcn,L’Antiquari Gastronòmic
Barcelona,bcn,Maleducat
Barcelona,bcn,Marejol
Barcelona,bcn,Marisquería Balmes
Barcelona,bcn,Maymanta. Hotel Grand Hyatt Barcelona
Barcelona,bcn,Melós
Barcelona,bcn,Merikenko
Barcelona,bcn,Mesón Galicia
Barcelona,bcn,"Moments. Hotel Mandarin Oriental, Barcelona"
Barcelona,bcn,Mont Bar
Barcelona,bcn,Nairod
Barcelona,bcn,Olivos Comida y Vinos
Barcelona,bcn,Olmos
Barcelona,bcn,Osteria Condal
Barcelona,bcn,Paleolític
Barcelona,bcn,Petit Comitè
Barcelona,bcn,Piropo Bistró
Barcelona,bcn,Pompa
Barcelona,bcn,Prodigi
Barcelona,bcn,Pur
Barcelona,bcn,Quirat. Hotel InterContinental Barcelona
Barcelona,bcn,Restaurant Gastronòmic 1497. Mas Salagros
Barcelona,bcn,Restaurant L'Ó. Hotel Món Sant Benet
Barcelona,bcn,Ribera Manero Restaurant Peixateria
Barcelona,bcn,Roig Robí
Barcelona,bcn,Rías Kru
Barcelona,bcn,Sala. Fonda Sala
Barcelona,bcn,Sato i Tanaka
Barcelona,bcn,Saó
Barcelona,bcn,Sensato
Barcelona,bcn,Sense Pressa
Barcelona,bcn,Shanghai
Barcelona,bcn,Slow & Low
Barcelona,bcn,Soluna
Barcelona,bcn,Somsis
Barcelona,bcn,Suculent
Barcelona,bcn,Suto
Barcelona,bcn,Taktika Berri
Barcelona,bcn,Tasca Japonesa Wakasa
Barcelona,bcn,Tram-Tram
Barcelona,bcn,Trü
Barcelona,bcn,Uchu
Barcelona,bcn,Ultramarinos Marín
Barcelona,bcn,Umo Àlex Vall
Barcelona,bcn,Via Restaurant
Barcelona,bcn,Via Veneto
Barcelona,bcn,Vinyam
Barcelona,bcn,Windsor
Barcelona,bcn,Xavier Pellicer
Barcelona,bcn,Xemei
Barcelona,bcn,Zaytun
Barcelona,bcn,Âme
Barcelona,bcn,Ébano
Cáceres,cac,A Velha Fábrica. Hotel A Velha Fábrica
Cáceres,cac,Al Norte
Cáceres,cac,Alberca
Cáceres,cac,Atrio. Hotel Atrio
Cáceres,cac,Azacán Hervás
Cáceres,cac,Boada
Cáceres,cac,Borona Bistró
Cáceres,cac,Casa Claudio
Cáceres,cac,Casa Laura
Cáceres,cac,El Figón de Eustaquio
Cáceres,cac,El Molino
Cáceres,cac,El Moral de las Hurdes
Cáceres,cac,El Palancar
Cáceres,cac,Eustaquio Blanco
Cáceres,cac,Hábitat Cigüeña Negra. Hotel Hábitat Cigüeña Negra
Cáceres,cac,Javier Martín Restaurante
Cáceres,cac,Kiosco Colón
Cáceres,cac,La Casa del Pozo
Cáceres,cac,La Fabiola
Cáceres,cac,La Maltraviesa
Cáceres,cac,La Terrazita Restaurante
Cáceres,cac,Las Corchuelas. Hotel Hospes Palacio de Arenales
Cáceres,cac,Madruelo
Cáceres,cac,Miga
Cáceres,cac,Nardi
Cáceres,cac,Oquendo
Cáceres,cac,Parada de la Reina - Martina Bistró
Cáceres,cac,Restaurante Homarus
Cáceres,cac,Succo
Cáceres,cac,Torre de Sande
Cáceres,cac,Tupío. Hotel Finca La Desa
Cáceres,cac,Veratus
Cáceres,cac,Versátil
Córdoba,cor,Alma Ezequiel Montilla
Córdoba,cor,Amaltea
Córdoba,cor,Arbequina. Hotel Hospes Palacio del Bailío
Córdoba,cor,Asador Central
Córdoba,cor,Bar Santos
Córdoba,cor,Barra y Mesa
Córdoba,cor,Bodegas Campos
Córdoba,cor,Bodegas Mezquita Corregidor
Córdoba,cor,Bodegas Trasmallo
Córdoba,cor,Casa Pedro Ximénez
Córdoba,cor,Casa Pepe de la Judería
Córdoba,cor,Casa Rubio
Córdoba,cor,Celia Jiménez. Open Arena
Córdoba,cor,Choco
Córdoba,cor,Darna
Córdoba,cor,El Astronauta
Córdoba,cor,El Caballo Rojo
Córdoba,cor,El Choto Restaurante Asador
Córdoba,cor,El Churrasco
Córdoba,cor,El Enreo
Córdoba,cor,El Envero
Córdoba,cor,Ermita de La Candelaria
Córdoba,cor,Garum 2.1 Bistró
Córdoba,cor,Kàran Bistró
Córdoba,cor,La Boca Restaurante
Córdoba,cor,La Casa de Manolete Bistró
Córdoba,cor,La Cazuela de la Espartería
Córdoba,cor,La Chiquita de Quini
Córdoba,cor,La Cuchara de San Lorenzo
Córdoba,cor,La Taberna de Almodóvar
Córdoba,cor,La Taberna de Cuatro Caminos
Córdoba,cor,Noor
Córdoba,cor,Peyejo
Córdoba,cor,Pic-nic
Córdoba,cor,Puerta Sevilla
Córdoba,cor,Recomiendo
Córdoba,cor,Regadera
Córdoba,cor,Restaurante Astoria Casa Matías
Córdoba,cor,Restaurante El Olivo
Córdoba,cor,Restaurante La Almudaina
Córdoba,cor,Restaurante Montevideo
Córdoba,cor,Restaurante Zuhayra
Córdoba,cor,Sojo Fusión
Córdoba,cor,Sol Zapatilla
Córdoba,cor,Taberna 100
Córdoba,cor,Taberna Casa Luis
Córdoba,cor,Taberna El Abanico Mezquita
Córdoba,cor,Taberna El nº 10
Córdoba,cor,Taberna Góngora
Córdoba,cor,Taberna La Montillana
Córdoba,cor,Taberna La Viuda
Córdoba,cor,Taberna Los Berengueles
Córdoba,cor,Taberna Séneca. Hotel Plateros
Córdoba,cor,Terra Olea
Córdoba,cor,Tresculturas
Córdoba,cor,Viva Urban Food
Córdoba,cor,Vértigo
Guipúzcoa,gui,Abarka Jatetxea
Guipúzcoa,gui,Agorregi
Guipúzcoa,gui,Aitana
Guipúzcoa,gui,Aiten Etxe Jatetxea. Hotel Ur Bare
Guipúzcoa,gui,Aittola-Zar
Guipúzcoa,gui,Akelarre. Akelarre Hotel
Guipúzcoa,gui,Alameda
Guipúzcoa,gui,Alboka
Guipúzcoa,gui,Aldapeta Gastrobar. Hotel Catalonia Donosti
Guipúzcoa,gui,All i Oli
Guipúzcoa,gui,Ama
Guipúzcoa,gui,Antonio Bar
Guipúzcoa,gui,Antonio Boulevard
Guipúzcoa,gui,Apu Mar
Guipúzcoa,gui,Aratz
Guipúzcoa,gui,Arenales Bar
Guipúzcoa,gui,Arizmendi Pizzeria
Guipúzcoa,gui,Arrate
Guipúzcoa,gui,Arraunlari Berri
Guipúzcoa,gui,Arregi Jatetxea
Guipúzcoa,gui,Arroka Berri
Guipúzcoa,gui,Arteaga Landetxea
Guipúzcoa,gui,Artean Barra Abierta
Guipúzcoa,gui,Artola Restaurante
Guipúzcoa,gui,Arzak
Guipúzcoa,gui,Asador Aldanondo
Guipúzcoa,gui,Asador Ana Mari
Guipúzcoa,gui,Asador Araneta
Guipúzcoa,gui,Asador Astillero
Guipúzcoa,gui,Asador Bedua
Guipúzcoa,gui,Asador Ekaitz
Guipúzcoa,gui,Asador Kattalin
Guipúzcoa,gui,Asador Nicolás
Guipúzcoa,gui,Asador Olivi
Guipúzcoa,gui,Asador Patxikuenea Erretegia
Guipúzcoa,gui,Asador San Martín
Guipúzcoa,gui,Asador Sutan
Guipúzcoa,gui,Asador Trinkete Borda
Guipúzcoa,gui,Asador Xixario
Guipúzcoa,gui,Astelena 1997
Guipúzcoa,gui,Atari Gastroleku
Guipúzcoa,gui,Badia Taberna
Guipúzcoa,gui,Bailara. Hotel Iriarte Jauregia
Guipúzcoa,gui,Balearri
Guipúzcoa,gui,Bar Desy
Guipúzcoa,gui,Bar Manojo
Guipúzcoa,gui,Bar Martínez
Guipúzcoa,gui,Bar Néstor
Guipúzcoa,gui,Bar Sport
Guipúzcoa,gui,Bar Txepetxa
Guipúzcoa,gui,Bar-Restaurante El Kbzón
Guipúzcoa,gui,Basqueland Izakaia
Guipúzcoa,gui,Belaustegi Baserri
Guipúzcoa,gui,Bells Bar
Guipúzcoa,gui,Bergara
Guipúzcoa,gui,Bernardo Etxea
Guipúzcoa,gui,Bertakoteka
Guipúzcoa,gui,Biarritz. Hotel Niza
Guipúzcoa,gui,Bistro Ondarreta
Guipúzcoa,gui,Bodega Donostiarra
Guipúzcoa,gui,Bodega Katxiña
Guipúzcoa,gui,Bodegón Alejandro
Guipúzcoa,gui,Bodegón Asador Joxe Mari
Guipúzcoa,gui,Bodegón Sarasua
Guipúzcoa,gui,Borda Berri
Guipúzcoa,gui,Casa Cámara
Guipúzcoa,gui,Casa Julián
Guipúzcoa,gui,Casa Urola
Guipúzcoa,gui,Casa Vergara 1948
Guipúzcoa,gui,El Bar de Villa Favorita. Hotel Villa Favorita
Guipúzcoa,gui,El Chef Aiguo Ni
Guipúzcoa,gui,El Curry Verde
Guipúzcoa,gui,El Pescaíto de la Bahía de Cádiz
Guipúzcoa,gui,El Vaskito
Guipúzcoa,gui,Elkano
Guipúzcoa,gui,Elkano Txiki
Guipúzcoa,gui,Elosta
Guipúzcoa,gui,Erre
Guipúzcoa,gui,Errioguarda Enea
Guipúzcoa,gui,Espazio Oteiza
Guipúzcoa,gui,Estebenea Taberna
Guipúzcoa,gui,Etxeberri. Hotel Etxeberri
Guipúzcoa,gui,Fagollaga
Guipúzcoa,gui,Félix Manso Ibarla
Guipúzcoa,gui,Ganbara
Guipúzcoa,gui,Gandarias
Guipúzcoa,gui,Gastroteka Danontzat
Guipúzcoa,gui,Gatxupa
Guipúzcoa,gui,Geralds Bar
Guipúzcoa,gui,Goiz Argi
Guipúzcoa,gui,Gran Sol
Guipúzcoa,gui,Gross Brewery Taproom
Guipúzcoa,gui,Gure Txokoa
Guipúzcoa,gui,Hika by Roberto Ruiz
Guipúzcoa,gui,Humo Pizza Gros
Guipúzcoa,gui,Ibai
Guipúzcoa,gui,Ikaitz
Guipúzcoa,gui,Iraeta Jatetxea
Guipúzcoa,gui,Iriarte Jatetxea
Guipúzcoa,gui,Izaskun Jatetxea
Guipúzcoa,gui,Juanito Kojua
Guipúzcoa,gui,Kabia
Guipúzcoa,gui,Kai Sushi. Hotel Orly
Guipúzcoa,gui,Kaia Kaipe
Guipúzcoa,gui,Kako Jatetxea
Guipúzcoa,gui,Kapadokia
Guipúzcoa,gui,Karlos Arguiñano. Hotel Karlos Arguiñano
Guipúzcoa,gui,Kata 4
Guipúzcoa,gui,Kiki
Guipúzcoa,gui,Kirkilla Enea Jatetxea
Guipúzcoa,gui,Kofradia Itsas Etxea
Guipúzcoa,gui,Kokotxa
Guipúzcoa,gui,Kuko Jatetxea
Guipúzcoa,gui,La Cervecería del Antiguo
Guipúzcoa,gui,La Cuchara de San Telmo
Guipúzcoa,gui,La Espiga
Guipúzcoa,gui,La Hermandad de Pescadores
Guipúzcoa,gui,La Madame
Guipúzcoa,gui,La Rebotika
Guipúzcoa,gui,La Taberna de Blas
Guipúzcoa,gui,La Viña
Guipúzcoa,gui,Laia Erretegia
Guipúzcoa,gui,Landa
Guipúzcoa,gui,Lanperna
Guipúzcoa,gui,Mala Gissona Beer House
Guipúzcoa,gui,Marinela
Guipúzcoa,gui,Marisqueria Urdin
Guipúzcoa,gui,Martín Berasategui
Guipúzcoa,gui,Masta Taberna
Guipúzcoa,gui,Maun Grill Bar
Guipúzcoa,gui,Mayflower
Guipúzcoa,gui,Mendaur Berria
Guipúzcoa,gui,Mendizabal
Guipúzcoa,gui,Mika Jatetxea
Guipúzcoa,gui,Mirador de Ulía
Guipúzcoa,gui,Mugaritz
Guipúzcoa,gui,Muina Taberna
Guipúzcoa,gui,Muka
Guipúzcoa,gui,Mutiloako Ostatua
Guipúzcoa,gui,Muxumartin
Guipúzcoa,gui,Narru. Hotel Arbaso
Guipúzcoa,gui,Nobu San Sebastián. Nobu Hotel San Sebastián
Guipúzcoa,gui,Paco Bueno
Guipúzcoa,gui,Portuetxe
Guipúzcoa,gui,Rekondo
Guipúzcoa,gui,Restaurante Atalaia. Hotel Atalaia
Guipúzcoa,gui,Restaurante Ilarra
Guipúzcoa,gui,Restaurante Itzuli. Hotel Luze Boutique San Sebastián
Guipúzcoa,gui,Restaurante La Rampa
Guipúzcoa,gui,Restaurante Txulotxo
Guipúzcoa,gui,Restaurante del Basque Culinary Center
Guipúzcoa,gui,Roxario
Guipúzcoa,gui,Rufino Taberna
Guipúzcoa,gui,Sa Taula
Guipúzcoa,gui,Salegi
Guipúzcoa,gui,Saltxipi
Guipúzcoa,gui,Sheiko by Sushi Gallery
Guipúzcoa,gui,Sidrería Altzueta
Guipúzcoa,gui,Sidrería Astarbe Sagardotegia
Guipúzcoa,gui,Sidrería Egiluze
Guipúzcoa,gui,Sidrería Petritegi
Guipúzcoa,gui,Sidrería Zapiain
Guipúzcoa,gui,Sidrería Zelaia
Guipúzcoa,gui,Sirimiri
Guipúzcoa,gui,Ssua Arde Donostia
Guipúzcoa,gui,Sukaldean Aitor Santamaria. Hotel Zenit Convento San Martín
Guipúzcoa,gui,Tambo
Guipúzcoa,gui,Tatapas Gastroteka
Guipúzcoa,gui,Taupada Taberna
Guipúzcoa,gui,Topa Sukaldería
Guipúzcoa,gui,Trikuharri Taberna Jatetxea
Guipúzcoa,gui,Txalupa Gastroleku
Guipúzcoa,gui,Txertota
Guipúzcoa,gui,Txitxardin
Guipúzcoa,gui,Txoko Getaria
Guipúzcoa,gui,Txuleta
Guipúzcoa,gui,Usarbi Bistró Donostiarra
Guipúzcoa,gui,Villano Bistró. Hotel Intelier Villa Katalina
Guipúzcoa,gui,Zazpi STM
Guipúzcoa,gui,Zelai Txiki
Guipúzcoa,gui,Zeraingo Ostatua
Guipúzcoa,gui,Zeria Jatetxea
Guipúzcoa,gui,Zezilionea. Hotel Zezilionea
Guipúzcoa,gui,Zirta jatetxea
Huesca,hue,Abacería La Abundancia
Huesca,hue,Aires de Doñana
Huesca,hue,Almoradux
Huesca,hue,Amor Amar Puerto
Huesca,hue,Azabache
Huesca,hue,Bar Restaurante Juan José
Huesca,hue,Biarritz
Huesca,hue,Bodeguita Ramírez
Huesca,hue,Casa A’poliña Calviño
Huesca,hue,Casa Dirección
Huesca,hue,Casa Luciano
Huesca,hue,Consolación
Huesca,hue,Cosas Buenas
Huesca,hue,Delicatessen Merkajamón
Huesca,hue,El Bodegón de Palos
Huesca,hue,El Marinero
Huesca,hue,El Tabla Beach Club
Huesca,hue,En La Esquinita Te Espero
Huesca,hue,Fango
Huesca,hue,Finca Alfoliz
Huesca,hue,José Vicente
Huesca,hue,Juan Hormigo
Huesca,hue,LPA TheCulinaryBar
Huesca,hue,La Cantina del Puerto
Huesca,hue,La Casa El Palo
Huesca,hue,La Patera
Huesca,hue,La Tabernilla
Huesca,hue,Lieva
Huesca,hue,Macha
Huesca,hue,Masero
Huesca,hue,Montecruz
Huesca,hue,Pizzería La Favorita
Huesca,hue,Portichuelo Restaurante
Huesca,hue,Raíz. Lamiya Wellness & Family Club
Huesca,hue,Restaurante Casa Rufino
Huesca,hue,Restaurante Casas
Huesca,hue,Restaurante Lopi’s
Huesca,hue,Restaurante Miramar
Huesca,hue,Russes Gastrobar
Huesca,hue,Toruño del Rocío. Hotel Toruño
Huesca,hue,Uno Beach Club
Huesca,hue,Venta Angelito
Huesca,hue,Zancolí
Huesca,hue,Zorro Viejo
Madrid,mad,99 Sushi Bar. Hotel NH Collection Madrid Eurobuilding
Madrid,mad,A'Barra
Madrid,mad,Abya
Madrid,mad,Agarimo
Madrid,mad,Alabaster
Madrid,mad,Allégorie
Madrid,mad,Amets
Madrid,mad,Amparito Roca
Madrid,mad,Amós by Jesús Sánchez. Hotel Rosewood Villa Magna
Madrid,mad,Ancestral
Madrid,mad,Arima
Madrid,mad,Arzábal Retiro
Madrid,mad,Askuabarra
Madrid,mad,Asturianos
Madrid,mad,Ayni
Madrid,mad,Bancal
Madrid,mad,Baoli
Madrid,mad,Bar H Emblemático
Madrid,mad,Barbudo
Madrid,mad,Barracuda MX
Madrid,mad,Barrera
Madrid,mad,Bas
Madrid,mad,Bascoat
Madrid,mad,Bistronómika
Madrid,mad,Boccondivino
Madrid,mad,Bolboreta
Madrid,mad,Brasserie Lafayette
Madrid,mad,Brutalista
Madrid,mad,Bākkō
Madrid,mad,Caja de Cerillas
Madrid,mad,Calvero
Madrid,mad,Carande
Madrid,mad,Cardumen
Madrid,mad,Casa Delapio
Madrid,mad,Casa Felisa. Hotel Urso
Madrid,mad,Casa José
Madrid,mad,Casa Mortero
Madrid,mad,Casa Pedro
Madrid,mad,Casa Vega
Madrid,mad,Cañadío Madrid
Madrid,mad,Cebo. Hotel Urban
Madrid,mad,Ceferino
Madrid,mad,Charrúa
Madrid,mad,Chifa
Madrid,mad,China Crown
Madrid,mad,Chirón
Madrid,mad,Chispa Bistró
Madrid,mad,Chuka Ramen Bar
Madrid,mad,Clos
Madrid,mad,Club Financiero Génova
Madrid,mad,Coque
Madrid,mad,Coquetto Bar
Madrid,mad,Corral de la Morería
Madrid,mad,Corsario
Madrid,mad,Cruda
Madrid,mad,Cuenllas
Madrid,mad,Dani Brasserie. Hotel Four Seasons
Madrid,mad,De la Riva
Madrid,mad,Deessa. Hotel Mandarin Oriental Ritz
Madrid,mad,Desborre
Madrid,mad,Desde 1911
Madrid,mad,Diverxo. Hotel NH Collection Madrid Eurobuilding
Madrid,mad,Don Giovanni
Madrid,mad,Don Lay
Madrid,mad,Doña Filo
Madrid,mad,Dstage
Madrid,mad,Ebisu by Kobos
Madrid,mad,El Bajío
Madrid,mad,El Bund
Madrid,mad,El Campero
Madrid,mad,El Fogón de Trifón
Madrid,mad,El Gran Asador Lecanda
Madrid,mad,El Invernadero
Madrid,mad,El Lince
Madrid,mad,El Paraguas
Madrid,mad,El Patio de Claudio. Hotel Único
Madrid,mad,El Pedrusco de Aldealcorvo
Madrid,mad,El Pescador
Madrid,mad,El Qüenco de Pepa
Madrid,mad,El Señor Martín
Madrid,mad,El Toque
Madrid,mad,El Trasgu
Madrid,mad,Em Sherif
Madrid,mad,Emi
Madrid,mad,Estimar Madrid
Madrid,mad,Filandón
Madrid,mad,Fisgón
Madrid,mad,Fismuler
Madrid,mad,Flor
Madrid,mad,Florentine
Madrid,mad,Fonda de la Confianza
Madrid,mad,Gaman
Madrid,mad,Gaytán
Madrid,mad,Gioia
Madrid,mad,Gofio
Madrid,mad,Goicolea
Madrid,mad,Granduke
Madrid,mad,Gurisa
Madrid,mad,HDDN Premium Mixology & Cuisina
Madrid,mad,Haramboure
Madrid,mad,Hevia
Madrid,mad,Horno de Asar Paco
Madrid,mad,Hotaru Madrid
Madrid,mad,Ikigai Flor Baja
Madrid,mad,Ikigai Velázquez
Madrid,mad,In-Pulso
Madrid,mad,Infame
Madrid,mad,Insurgente
Madrid,mad,KO by 99 Sushi Bar
Madrid,mad,Kabuki Madrid
Madrid,mad,Kappo
Madrid,mad,Krudo Raw Bar
Madrid,mad,Kuoco
Madrid,mad,La Ancha
Madrid,mad,La Barra de la Tasquería
Madrid,mad,La Bechamel
Madrid,mad,La Biblioteca de Santo Mauro. Hotel Santo Mauro
Madrid,mad,La Bien Aparecida
Madrid,mad,La Buena Vida
Madrid,mad,La Cantina
Madrid,mad,La Casa de Manolo Franco
Madrid,mad,La Catapa
Madrid,mad,La Guisandera de Piñera
Madrid,mad,La Manduca de Azagra
Madrid,mad,La Mar Madrid
Madrid,mad,La Paloma
Madrid,mad,La Parra
Madrid,mad,La Piperna
Madrid,mad,La Raquetista
Madrid,mad,La Sociedad Gastronomika. Hotel Mercer Madrid
Madrid,mad,La Taberna de Elia
Madrid,mad,La Tasquería
Madrid,mad,La Tasquita de Enfrente
Madrid,mad,La Yesca Taberna
Madrid,mad,Lakasa
Madrid,mad,Lana
Madrid,mad,Latasia
Madrid,mad,Le Bistroman Atelier
Madrid,mad,Le Chinois
Madrid,mad,Lelong Asian Club
Madrid,mad,Leña Madrid. Hotel Hyatt Regency Hesperia
Madrid,mad,Lhardy
Madrid,mad,Lima Nikkei
Madrid,mad,Llama Inn Madrid
Madrid,mad,Los 33
Madrid,mad,Los Gabrieles
Madrid,mad,Makoto
Madrid,mad,Makáá. Hotel Thompson Madrid
Madrid,mad,Manero Marqués de Cubas
Madrid,mad,Manifesto 13
Madrid,mad,Manzoni Trattoria
Madrid,mad,Marcelle
Madrid,mad,Marmitón
Madrid,mad,Mateo Honten
Madrid,mad,Mayser
Madrid,mad,Menudeo
Madrid,mad,Montia
Madrid,mad,Nakeima
Madrid,mad,Namak
Madrid,mad,No Existe
Madrid,mad,Noi
Madrid,mad,Nolita
Madrid,mad,O'Pazo
Madrid,mad,OSA
Madrid,mad,Ome Taller Gastonómico
Madrid,mad,Osaka
Madrid,mad,Otoro Jukusei
Madrid,mad,Ovillo
Madrid,mad,Pabú
Madrid,mad,Paco Roncero Restaurante
Madrid,mad,Palm Court. Hotel Mandarin Oriental Ritz
Madrid,mad,Piantao Chamberí
Madrid,mad,Piantao Legazpi
Madrid,mad,Pilar Akaneya
Madrid,mad,Playing Solo
Madrid,mad,Portonovo
Madrid,mad,Puntarena
Madrid,mad,Quinqué
Madrid,mad,Rafa
Madrid,mad,Ramón Freixa Atelier
Madrid,mad,Ramón Freixa Tradición
Madrid,mad,Ravioxo
Madrid,mad,Restaurante Paolo
Madrid,mad,Ronda 14 Madrid
Madrid,mad,Roostiq Bar
Madrid,mad,Roostiq Madrid
Madrid,mad,Rozas Restaurante
Madrid,mad,Rural
Madrid,mad,Sacha
Madrid,mad,Saddle
Madrid,mad,Saisho
Madrid,mad,Salino
Madrid,mad,Sen Omakase
Madrid,mad,Smoked Room. Hotel Hyatt Regency Hesperia
Madrid,mad,Soy Kitchen
Madrid,mad,Streetxo
Madrid,mad,Sushi Bar Hannah
Madrid,mad,Sushi Bar Tottori
Madrid,mad,Suyu
Madrid,mad,Ta-Kumi Madrid
Madrid,mad,Taberna Chiripa
Madrid,mad,Taberna Laredo
Madrid,mad,Taberna Pedraza
Madrid,mad,Taberna Verdejo
Madrid,mad,Tacos La Marquesa
Madrid,mad,Tampu
Madrid,mad,Tasca Fina
Madrid,mad,Tetsu
Madrid,mad,Thai Emotion. Diamantes de Sal Rosa
Madrid,mad,Ticuí
Madrid,mad,Toki
Madrid,mad,TonTon
Madrid,mad,Tragabuches Madrid
Madrid,mad,Tres por Cuatro
Madrid,mad,Treze
Madrid,mad,Tribeca Bistro
Madrid,mad,Triciclo
Madrid,mad,Tripea
Madrid,mad,Trèsde
Madrid,mad,Tse Yang. Hotel Villa Magna
Madrid,mad,Ugo Chan
Madrid,mad,Urruti
Madrid,mad,Varra
Madrid,mad,Velascoabellà
Madrid,mad,Viavélez
Madrid,mad,Villoldo
Madrid,mad,Vinoteca García de la Navarra
Madrid,mad,Virrey
Madrid,mad,Yugo The Bunker
Madrid,mad,Yuku Barra
Madrid,mad,Zalacaín
Madrid,mad,Árdia
Madrid,mad,Èter
Murcia,mur,Alborada Restaurante
Murcia,mur,Almo de Juan Guillamón
Murcia,mur,Amura. Hotel Cetina Cabo de Palos
Murcia,mur,Arroces El Pillo
Murcia,mur,Barahonda
Murcia,mur,Barra Pomelo
Murcia,mur,Bocana de Palos
Murcia,mur,Bodegón Los Toneles
Murcia,mur,Bāru
Murcia,mur,Cabaña Buenavista
Murcia,mur,Camarote de la Martinique
Murcia,mur,Carbone
Murcia,mur,Casa Borrego. Hotel Casa Borrego
Murcia,mur,Casa El Cherro
Murcia,mur,Casa Josico
Murcia,mur,Colmado San Julián
Murcia,mur,Cosafina
Murcia,mur,Cuarentaytrés
Murcia,mur,Demo
Murcia,mur,El Albero
Murcia,mur,El Baret Wine Bar
Murcia,mur,El Churra Restaurante
Murcia,mur,El Girasol Vegetariano
Murcia,mur,El Mosqui
Murcia,mur,El Pasaje de Belluga
Murcia,mur,El Pasaje de Zabalburu
Murcia,mur,El Pilón de la Negra
Murcia,mur,El Portillo
Murcia,mur,El Sombrerico
Murcia,mur,El Sordo
Murcia,mur,Enso Sushi Murcia
Murcia,mur,Escuela de Pieter
Murcia,mur,Estirpe
Murcia,mur,FBI Freak Burger International
Murcia,mur,Frases
Murcia,mur,Gran Rhin
Murcia,mur,Infraganti Pizza Bar
Murcia,mur,Jota Ele
Murcia,mur,Kappou Makoto
Murcia,mur,Keki
Murcia,mur,Kokoro Gastro Sushi
Murcia,mur,La Barra de Pepe El Torrao
Murcia,mur,La Bodeguita de Javi Gracia
Murcia,mur,La Burbuja
Murcia,mur,La Cavalica
Murcia,mur,La Diligente
Murcia,mur,La Mestiza
Murcia,mur,La Pequeña Taberna
Murcia,mur,La Tapeoteca
Murcia,mur,Local de Ensayo
Murcia,mur,Los Arroces de Segis
Murcia,mur,Los Arroces de Vilma Los 9 pisos
Murcia,mur,Los Cazadores de Corvera
Murcia,mur,Los Navarros
Murcia,mur,Los Zagales
Murcia,mur,Magoga
Murcia,mur,Marisquería La Marina
Murcia,mur,Mi Mare
Murcia,mur,Morales Restaurante
Murcia,mur,Odiseo
Murcia,mur,Pecado
Murcia,mur,Pepe El Torrao
Murcia,mur,Pepe Juan Barra
Murcia,mur,Pepe Tomás
Murcia,mur,Perro Limón
Murcia,mur,Pezio
Murcia,mur,Polea
Murcia,mur,Por Herencia
Murcia,mur,Puerta de Murcia
Murcia,mur,Pura Cepa
Murcia,mur,Restaurante El Molinero
Murcia,mur,Restaurante Hispano
Murcia,mur,Restaurante La Onda
Murcia,mur,Restaurante Venezuela
Murcia,mur,Restaurante Virgen del Mar
Murcia,mur,Rincón Huertano
Murcia,mur,Rincón de Ignacio
Murcia,mur,Rincón de Pepe. Hotel Murcia Rincón de Pepe
Murcia,mur,Salzillo
Murcia,mur,Taúlla
Murcia,mur,Terraza Buenavista
Murcia,mur,Tierra Mia
Murcia,mur,Torremolinos
Murcia,mur,Tándem
Murcia,mur,Via Torino
Málaga,mal,Aire Gastrobar
Málaga,mal,Alaparte
Málaga,mal,Albert y Simón
Málaga,mal,Almijara Casual Bar
Málaga,mal,Araboka Plaza
Málaga,mal,Arara Bistrobar. Higuerón Resort
Málaga,mal,Areia Marbella
Málaga,mal,Arte de Cozina. Hotel Hostería Arte de Cozina
Málaga,mal,Asador Don Joaquin
Málaga,mal,Asador Iñaki
Málaga,mal,Asador Ovidio
Málaga,mal,Avante Claro Málaga
Málaga,mal,Aviva
Málaga,mal,Azahar. Hotel Catalonia Reina Victoria Wellness & Spa
Málaga,mal,Back
Málaga,mal,Bar El Acebuchal
Málaga,mal,Bardal
Málaga,mal,Base9
Málaga,mal,Beluga Málaga
Málaga,mal,Bien Frito
Málaga,mal,Bienmesabe
Málaga,mal,Black Label Urban Grill
Málaga,mal,Blossom
Málaga,mal,Bodega Charolais
Málaga,mal,Cambara
Málaga,mal,Candado Beach
Málaga,mal,Candado Golf
Málaga,mal,Candamil
Málaga,mal,Carmen. Hotel Only You
Málaga,mal,Casa Paco de Coín
Málaga,mal,Cascada Marbella
Málaga,mal,ChinChín Puerto
Málaga,mal,Chiringuito Gutiérrez Playa
Málaga,mal,Cipriani. Puente Romano Beach Resort
Málaga,mal,Clómada
Málaga,mal,Cortijo Bravo. B bou Hotel Cortijo Bravo
Málaga,mal,Coto
Málaga,mal,Coya. Puente Romano Beach Resort
Málaga,mal,Cándida Restaurante
Málaga,mal,Descorche Málaga DOC
Málaga,mal,Doña Inés. Hotel Room Mate Valeria
Málaga,mal,Dynamit by D&D
Málaga,mal,EME de Mariano RS
Málaga,mal,El Alimentario
Málaga,mal,El Ancla Beach Club
Málaga,mal,El Balneario
Málaga,mal,El Grill. Marbella Club
Málaga,mal,El Lago
Málaga,mal,El Merendero de Antonio Martín
Málaga,mal,El Nacional
Málaga,mal,El Parador Playa
Málaga,mal,El Pimpi
Málaga,mal,El Pimpi Marbella
Málaga,mal,El Refectorium Catedral
Málaga,mal,El Refectorium Malagueta
Málaga,mal,El Saladero
Málaga,mal,El Yantar
Málaga,mal,Entremuros. Hotel Vincci Posada del Patio
Málaga,mal,Er Pichi de Cái
Málaga,mal,Erre & Urrechu. Hotel Don Pepe Gran Meliá
Málaga,mal,Folklore Contemporáneo
Málaga,mal,Galbun Restaurante
Málaga,mal,Hacienda Alakran
Málaga,mal,Haruki
Málaga,mal,Hostal Asador El Puerto
Málaga,mal,Ikigai Izakaya
Málaga,mal,Jacinto
Málaga,mal,José Carlos García
Málaga,mal,Kaleja
Málaga,mal,Karmela Restaurant
Málaga,mal,Kava
Málaga,mal,Kosei Ramen
Málaga,mal,Kosei Sushi & Omakase
Málaga,mal,Kütral
Málaga,mal,La Antxoeta Art Restaurant
Málaga,mal,La Bocaná
Málaga,mal,La Cocina de Cristine. Hotel Cristine Bedfor Málaga
Málaga,mal,La Cosmo
Málaga,mal,La Deriva
Málaga,mal,La Escollera
Málaga,mal,La Farola de Orellana
Málaga,mal,La Fructuosa. Hotel La Fructuosa
Málaga,mal,La Marisquería Casa Curro
Málaga,mal,La Medusa Ostrería
Málaga,mal,La Milla
Málaga,mal,La Plata Casa Matilde
Málaga,mal,La Sociedad
Málaga,mal,La Sole del Pimpi
Málaga,mal,La Taberna de Mike Palmer
Málaga,mal,La Veranda
Málaga,mal,Lacaliza
Málaga,mal,Las Palmeras Restaurante
Málaga,mal,Leña Marbella. Puente Romano Beach Resort
Málaga,mal,Liceo Playa
Málaga,mal,Lobito de Mar
Málaga,mal,Lola. Hotel Only You
Málaga,mal,Los Bandidos
Málaga,mal,Los Marinos José
Málaga,mal,Los Patios de Beatas
Málaga,mal,Malva Beach
Málaga,mal,Manero. Hotel Don Carlos Marbella
Málaga,mal,Maricarmen Casa Playa
Málaga,mal,Marisquería El Yerno
Málaga,mal,Marisquería Godoy
Málaga,mal,Marisquería Pelayo
Málaga,mal,Marisquería-Freiduría Salvador y Lucas
Málaga,mal,Messina
Málaga,mal,Mesón Galego Antoxo
Málaga,mal,Mesón Ibérico
Málaga,mal,Mesón La Estancia
Málaga,mal,Mesón Mariano
Málaga,mal,Mi Niña Lola
Málaga,mal,Misuto
Málaga,mal,Ménade
Málaga,mal,Nintai
Málaga,mal,No-Vo Med & Sushibar
Málaga,mal,Nobu. Nobu Hotel Marbella
Málaga,mal,Nook by Emi Schobert
Málaga,mal,Osteria Angelino dal 1899
Málaga,mal,Palodú
Málaga,mal,Patanegra 57
Málaga,mal,Picador. Hotel La Zambra
Málaga,mal,Promesa
Málaga,mal,Raíces Málaga
Málaga,mal,Rei by Finca Cortesin. Hotel Finca Cortesin
Málaga,mal,René
Málaga,mal,Restaurante Amador. Hotel Villa Guadalupe
Málaga,mal,Restaurante Arxiduna
Málaga,mal,Restaurante Balausta
Málaga,mal,Restaurante Casa Eladio
Málaga,mal,Restaurante Cienfuegos
Málaga,mal,Restaurante Cávala
Málaga,mal,Restaurante El Chiringuito
Málaga,mal,Restaurante Hermanos Alba
Málaga,mal,Restaurante María
Málaga,mal,Restaurante Matiz. Hotel Catalonia Molina Lario
Málaga,mal,Restaurante Oliva
Málaga,mal,Restaurante Patanegra Playa
Málaga,mal,Restaurante Príncipe de Asturias. Gran Hotel Miramar
Málaga,mal,Restaurante Rincón de Emilio
Málaga,mal,Restaurante Tormes
Málaga,mal,Restaurante Valdivia
Málaga,mal,Roostiq Marbella
Málaga,mal,Salitre Brasa Marinera
Málaga,mal,Sarmiento Brasa Andaluza
Málaga,mal,Siete Cabezas Restaurante
Málaga,mal,Skina
Málaga,mal,Soca
Málaga,mal,Sollo
Málaga,mal,Ta-Kumi Marbella
Málaga,mal,Ta-Kumi Málaga
Málaga,mal,Taberna Uvedoble
Málaga,mal,Taró Restaurante
Málaga,mal,Temple Restaurante
Málaga,mal,Tercer Acto
Málaga,mal,The Japo. The Beach Club Higuerón
Málaga,mal,Tony's Beach
Málaga,mal,Tragabuches Marbella
Málaga,mal,Tragatá Málaga
Málaga,mal,Tragatá Ronda
Málaga,mal,Trocadero Arena
Málaga,mal,Varela Beach
Málaga,mal,Verum
Málaga,mal,Wasabi
Málaga,mal,Yugo
Navarra,nav,A Queimada Restaurante
Navarra,nav,A Tempero
Navarra,nav,Alhambra Restaurante
Navarra,nav,Anttonenea Restaurante
Navarra,nav,Arostegui
Navarra,nav,Arotxa
Navarra,nav,Asador Bidea 2
Navarra,nav,Asador Casa Tomás
Navarra,nav,Asador Epeleta
Navarra,nav,Asador Erri Berri
Navarra,nav,Asador Galarza III
Navarra,nav,Asador Iturrama
Navarra,nav,Asador Olaverri
Navarra,nav,Asador Sidrería Kixkia
Navarra,nav,Asador Zubiondo
Navarra,nav,Bar Amatxo
Navarra,nav,Bar Gaucho
Navarra,nav,Baserriberri
Navarra,nav,Baxerri Taberna
Navarra,nav,Beola
Navarra,nav,Beti Jai. Hostal Beti Jai
Navarra,nav,Borda Jatetxea
Navarra,nav,Borda Zaborrate
Navarra,nav,Carlos Oyarbide Bistronomiko
Navarra,nav,Casa Arteta
Navarra,nav,Casa Lola
Navarra,nav,Donamaria'ko Benta
Navarra,nav,El Choko de Remigio. Hotel Remigio
Navarra,nav,El Lechuguero
Navarra,nav,El Merca'o
Navarra,nav,Enekorri
Navarra,nav,Enriqueta by L&ele. Hotel Santa Ana
Navarra,nav,Errejota
Navarra,nav,Etxebertzeko Borda
Navarra,nav,Europa Restaurante. Hotel Europa Pamplona
Navarra,nav,Halconeras de Sancho IV
Navarra,nav,Haziaberri
Navarra,nav,Herriko Taberna
Navarra,nav,Juan Simón. Hotel Juan Simón
Navarra,nav,Koku
Navarra,nav,La Bankada
Navarra,nav,La Cuchara de Martín
Navarra,nav,La Ideal Mar
Navarra,nav,La Olla
Navarra,nav,Les Amis
Navarra,nav,Maher. Hotel Maher
Navarra,nav,Maskarada
Navarra,nav,Mesón Julián
Navarra,nav,Mirador de Deyo. Hotel Boutique Mirador de Deyo
Navarra,nav,Molino de Urdániz
Navarra,nav,Olari
Navarra,nav,Origen
Navarra,nav,Pago de Cirsus. Hotel Pago de Cirsus
Navarra,nav,Picaflor
Navarra,nav,Pichorradicas Casa Aitor
Navarra,nav,Posada La Rubia
Navarra,nav,Posada de Alkotz
Navarra,nav,Remigio. Hotel Remigio
Navarra,nav,Restaurante Casa Sario. Hostal Casa Sario
Navarra,nav,Restaurante Casa Zanito
Navarra,nav,Restaurante Castillo de Gorraiz. Hotel Castillo de Gorraiz
Navarra,nav,Restaurante El Colegio
Navarra,nav,Restaurante Imperial
Navarra,nav,Restaurante Kabo
Navarra,nav,Restaurante Kasino Lesaka
Navarra,nav,Restaurante Lola
Navarra,nav,Restaurante Orgi
Navarra,nav,Restaurante Túbal
Navarra,nav,Restaurante Xabier. Hotel Xabier
Navarra,nav,Restaurante Zaldu
Navarra,nav,Rodero Restaurante
Navarra,nav,Santxotena Restaurante
Navarra,nav,Sidrería Bornax
Navarra,nav,Topero
Navarra,nav,Treintaytrés
Navarra,nav,Uxue Restaurante Asador
Navarra,nav,Venta de Larrión
Navarra,nav,Venta de Ulzama. Hotel Venta de Ulzama
Navarra,nav,Verduarte
Ourense,ore,A Cova da Xabreira
Ourense,ore,A Palleira
Ourense,ore,A Taberna Restaurante
Ourense,ore,Auriga Gastrobar
Ourense,ore,Ceibe Restaurante
Ourense,ore,El Buen Tapeo Gastrobar
Ourense,ore,Foxo Asador de Carnes
Ourense,ore,Fuchela
Ourense,ore,Lado Restaurante
Ourense,ore,Lemur Cocina en Brasas
Ourense,ore,Marmurio do Rio
Ourense,ore,Nova Restaurante
Ourense,ore,O Barazal
Ourense,ore,O Campanario
Ourense,ore,O Muiño das Lousas
Ourense,ore,O Pepiño de Allariz
Ourense,ore,Pacífico
Ourense,ore,Pazo de Canedo
Ourense,ore,Regueiro da Cova
Ourense,ore,Restaurante Miguel González
Ourense,ore,Restaurante O Pingallo
Ourense,ore,Restaurante Serendipity
Ourense,ore,Restaurante Sábrego
Ourense,ore,Sabores
Ourense,ore,Sanmiguel Restaurante
Ourense,ore,Umami Gastronómico Ourense
Ourense,ore,Vinoteca Sybaris 2.0
Sevilla,sev,Abades Triana
Sevilla,sev,Abantal
Sevilla,sev,Almansa Pasión y Brasas
Sevilla,sev,Amorío
Sevilla,sev,Asador La Perdida
Sevilla,sev,Augurio
Sevilla,sev,Az-Zait
Sevilla,sev,Balbuena y Huertas
Sevilla,sev,Baltazares
Sevilla,sev,Bar La Cochera
Sevilla,sev,Barra Baja
Sevilla,sev,Barra Castizo
Sevilla,sev,Besana Tapas
Sevilla,sev,Bodega Aljarafe
Sevilla,sev,Bodega La Mazaroca
Sevilla,sev,Bodeguita Antonio Romero
Sevilla,sev,Cal Viva
Sevilla,sev,Caladero
Sevilla,sev,Cantina Kulinaria
Sevilla,sev,Casa Aníbal
Sevilla,sev,Casa Berrinche
Sevilla,sev,Casa Inquieta
Sevilla,sev,Casa Manolo León
Sevilla,sev,Casa Ozama
Sevilla,sev,Casa Rafel
Sevilla,sev,Casa Robles
Sevilla,sev,Caza Juan
Sevilla,sev,Cañabota
Sevilla,sev,Chicarreros
Sevilla,sev,D'Culto
Sevilla,sev,De la O
Sevilla,sev,Desacato
Sevilla,sev,Doce Tapas
Sevilla,sev,El Disparate. The Corner House
Sevilla,sev,El Pasaje Santa María La Blanca
Sevilla,sev,El Rinconcillo de Sevilla
Sevilla,sev,El Sella
Sevilla,sev,"Eneko Basque Sevilla. Radisson Collection Hotel, Magdalena Plaza Sevilla"
Sevilla,sev,Eterno
Sevilla,sev,Hoyo 16. Real Club Pineda
Sevilla,sev,Iki
Sevilla,sev,Ivantxu Espacio Bistronómico
Sevilla,sev,Jaylu
Sevilla,sev,José Luis
Sevilla,sev,Kinu
Sevilla,sev,L'Orangier Restaurante
Sevilla,sev,La Barra de Cañabota
Sevilla,sev,La Casa del Tigre
Sevilla,sev,La Cocina de Cristine. Hotel Cristine Bedfor Sevilla
Sevilla,sev,La Cuchara del Gorila
Sevilla,sev,La Isla
Sevilla,sev,La Quinta Brasería
Sevilla,sev,La Tizná
Sevilla,sev,Lalola de Javi Abascal. Hotel One Shot Palacio Conde de Torrejón
Sevilla,sev,Leartá
Sevilla,sev,Malandro
Sevilla,sev,Maquiavelo
Sevilla,sev,Mariscos Emilio
Sevilla,sev,Marisqueria Chiquita y Fría
Sevilla,sev,Maríatrifulca
Sevilla,sev,Morante Restaurante
Sevilla,sev,Periqui Chico
Sevilla,sev,Restaurante Deli. Hostal Deli
Sevilla,sev,Restaurante ISPAL Sevilla
Sevilla,sev,Restaurante Mara
Sevilla,sev,Río Grande
Sevilla,sev,Sabina Los Remedios
Sevilla,sev,Sobretablas
Sevilla,sev,Sr. Cangrejo
Sevilla,sev,Taberna Yamaoka
Sevilla,sev,Tradevo Centro
Sevilla,sev,Tribeca Restaurante
Sevilla,sev,Velouté
Sevilla,sev,Venta El Carrito
Sevilla,sev,Victoria 8
Sevilla,sev,Vinoqüe Abacería
Valencia,val,2 Estaciones
Valencia,val,A Huevo
Valencia,val,Acapulco Bar
Valencia,val,Al Grano
Valencia,val,Al Tun Tun
Valencia,val,Albacora
Valencia,val,Alegal
Valencia,val,Alenar Bodega Mediterránea
Valencia,val,Alquería del Pou
Valencia,val,Amancaes
Valencia,val,Ampar. Hotel Hospes Palau del Mar
Valencia,val,Anyora Bodega
Valencia,val,Apicius
Valencia,val,Araguaney
Valencia,val,Aragón 58
Valencia,val,Arrels
Valencia,val,Arrocería A Fuego Lento
Valencia,val,Arrocería Maribel
Valencia,val,Asador La Vid
Valencia,val,Askua
Valencia,val,Atenea Sky
Valencia,val,Bajoqueta Bar
Valencia,val,Baovan
Valencia,val,Bar Che Taberna Vasca
Valencia,val,Bar Cremaet
Valencia,val,Bar La Luna
Valencia,val,Bar Marvi
Valencia,val,Bar Ricardo
Valencia,val,Bar Richard
Valencia,val,Bar Tonyina
Valencia,val,Bar X by Ricard Camarena
Valencia,val,Barbaric
Valencia,val,Barrafina
Valencia,val,Basea Restaurante
Valencia,val,Beluá
Valencia,val,Bocamada
Valencia,val,Bodega La Peseta
Valencia,val,Borgia Wine Bar
Valencia,val,Borja Azcutia
Valencia,val,Bouet
Valencia,val,Brasserie Atmosphère
Valencia,val,Ca Pepico
Valencia,val,Canalla Bistro by Ricard Camarena
Valencia,val,Casa Baldo 1915
Valencia,val,Casa Carmela
Valencia,val,Casa Manolo
Valencia,val,Casa Montaña
Valencia,val,Casa Pescadores
Valencia,val,Casa Quitín
Valencia,val,Casa Roberto
Valencia,val,Casa Salvador
Valencia,val,Casa d'Aragona
Valencia,val,Central Bar by Ricard Camarena
Valencia,val,Cervecería Aquarium
Valencia,val,Cervecería Erajoma
Valencia,val,Cocleque
Valencia,val,Colmado Lalola
Valencia,val,Contrapunto Les Arts
Valencia,val,Copenhagen
Valencia,val,Dede Turkish Restaurant
Valencia,val,Disidente
Valencia,val,Dolium Restaurante
Valencia,val,Doña Petrona
Valencia,val,Egeo Suvlakeria Griega
Valencia,val,El Almacén
Valencia,val,El Bressol
Valencia,val,El Encuentro
Valencia,val,El Garaje Foodie
Valencia,val,El Gastrónomo
Valencia,val,El Gordo de Cortes
Valencia,val,El Miracle
Valencia,val,El Observatorio de Patraix
Valencia,val,El Portón de Sorni
Valencia,val,El Rincón del Faro
Valencia,val,El Rodamón de Russafa
Valencia,val,El Rus Entrepans
Valencia,val,El Ventorro
Valencia,val,El Yantar La Cocina de Pilar
Valencia,val,Entrevins
Valencia,val,Estalvi Bar
Valencia,val,Farigola & Menta
Valencia,val,Fierro
Valencia,val,Filippa's
Valencia,val,Flama
Valencia,val,Flores Raras
Valencia,val,Fraula
Valencia,val,Fumiferro
Valencia,val,Félix Chaqués
Valencia,val,Gallina Negra
Valencia,val,Gran Azul Restaurante
Valencia,val,Habitual
Valencia,val,Haku
Valencia,val,Hiro
Valencia,val,Honoo
Valencia,val,Hotaru
Valencia,val,Hundred Burgers
Valencia,val,Hōchō. Hotel Valencia Palace
Valencia,val,Informal Va de Bo
Valencia,val,Jenkin's
Valencia,val,Kaido Sushi Bar
Valencia,val,Kawori
Valencia,val,Kibō Valencia
Valencia,val,Kiosco La Pérgola
Valencia,val,Kukla
Valencia,val,L'Alquimista
Valencia,val,L'Alter
Valencia,val,L'Estibador
Valencia,val,La Barraca de Toni Montoliu
Valencia,val,La Casa Viva
Valencia,val,La Casita de Sabino
Valencia,val,La Chata Ultramarinos
Valencia,val,La Colonia de Carmela
Valencia,val,La Cooperativa del Mar
Valencia,val,La Genuina
Valencia,val,La Lloma
Valencia,val,La Mar by Portolito
Valencia,val,La Marítima de Veles e Vents
Valencia,val,La Mozaira. Hotel La Mozaira
Valencia,val,La Más Bonita Patacona
Valencia,val,La Oficina de Carito y Germán
Valencia,val,La Orza de Ángel. Hotel La Orza de Ángel
Valencia,val,La Pepica
Valencia,val,La Perfumería. Hotel Palacio Vallier
Valencia,val,La Principal
Valencia,val,La Raspa / Taberna Gastrotienda
Valencia,val,La Riuà
Valencia,val,La Salita
Valencia,val,La Sastrería
Valencia,val,La Sucursal
Valencia,val,La Taska Sidrería
Valencia,val,La Terracita Cuina de Mercat
Valencia,val,La Tòfona
Valencia,val,La Vie en Vlue
Valencia,val,Lambrusquería
Valencia,val,Latte e Farina
Valencia,val,Lavoe Arroz y Mar
Valencia,val,Le Bar de Vins
Valencia,val,Lienzo
Valencia,val,Llisa Negra
Valencia,val,Los Madriles Taberna
Valencia,val,Los Porrones
Valencia,val,Ma Khin Café
Valencia,val,Maestro Bar
Valencia,val,Maipi
Valencia,val,Mala Hierba
Valencia,val,Maluquer Quatro
Valencia,val,Mamma Pazzo
Valencia,val,Manaw Nikkei Bar
Valencia,val,Marina Beach
Valencia,val,Marinetta Mia
Valencia,val,Marisquería Civera
Valencia,val,Marisquería La Caleta
Valencia,val,Maruxiña O New Furancho
Valencia,val,Mas Blayet
Valencia,val,Masusa Paella Bar
Valencia,val,Meat Market
Valencia,val,Memoria Gustativa
Valencia,val,Mengem
Valencia,val,Meraki
Valencia,val,Mevino
Valencia,val,Mey Mey
Valencia,val,Mil Grullas
Valencia,val,Momiji Atelier
Valencia,val,Mood Food
Valencia,val,Mundua Taberna
Valencia,val,Musuq
Valencia,val,Napicol
Valencia,val,No Bar
Valencia,val,Noble
Valencia,val,Nou Racó
Valencia,val,Nozomi Sushi Bar
Valencia,val,Nuria Brasserie
Valencia,val,Nuvó. Hotel One Shot Puerta Ruzafa
Valencia,val,Ona Cuina Oberta
Valencia,val,Origen
Valencia,val,Palace Fesol
Valencia,val,Palao Bistrot
Valencia,val,Pelayo Gastro Trinquet
Valencia,val,Pilsener
Valencia,val,Pirineos by Aroa
Valencia,val,Pizcueta 14
Valencia,val,Poble Nou
Valencia,val,Pope Ultramarinos
Valencia,val,Puerta de Hierro
Valencia,val,Puerta del Mar
Valencia,val,Punk-O Punk-O
Valencia,val,Q'Tomas?
Valencia,val,Qom
Valencia,val,Quina
Valencia,val,Racó del Turia
Valencia,val,Ramen Kuma
Valencia,val,Rausell
Valencia,val,Raíces Valencia
Valencia,val,Restaurant JM
Valencia,val,Restaurant Julio
Valencia,val,Restaurant Rioja. Hotel Rioja
Valencia,val,Restaurante Alquería del Brosquil
Valencia,val,Restaurante Ciro
Valencia,val,Restaurante El Cabanyal
Valencia,val,Restaurante Leo
Valencia,val,Restaurante Milán
Valencia,val,Restaurante Saiti
Valencia,val,Restaurante Zakaria
Valencia,val,Ricard Camarena Restaurant
Valencia,val,Riff
Valencia,val,Ryokō
Valencia,val,Ryukishin
Valencia,val,Saiki
Valencia,val,Samsha
Valencia,val,San Tommaso
Valencia,val,Sato Kaeru
Valencia,val,Serralunga Wine Bar
Valencia,val,Shinkai Tastem
Valencia,val,Sidrería El Molinón
Valencia,val,Simposio
Valencia,val,Somos Raro Restaurante
Valencia,val,Soqueta
Valencia,val,Sorsi e Morsi Russafa
Valencia,val,Sushitio
Valencia,val,Sutil
Valencia,val,Taberna Alkázar
Valencia,val,Taberna Amparín
Valencia,val,Taberna El Carrer Campanar
Valencia,val,Taberna Gallega
Valencia,val,Taberna Paraíso Travel
Valencia,val,Taberna Pare Pere El Cantonet
Valencia,val,Taj Mahal
Valencia,val,Taquería La Llorona
Valencia,val,Tatel Valencia
Valencia,val,Tavella Restaurant
Valencia,val,Toshi Restaurant
Valencia,val,Travieso Bar
Valencia,val,Tria
Valencia,val,Trinchera
Valencia,val,Ultramarinos Agustín Rico
Valencia,val,Ultramarinos Huerta
Valencia,val,Va de Bo
Valencia,val,Vaqueta Gastro Mercat
Valencia,val,Vermúdez
Valencia,val,Viejo Barrio
Valencia,val,Villa Indiano
Valencia,val,Vinorte Wine Bar
Valencia,val,Voltereta Bali
Valencia,val,Voltereta Manhattan
Valencia,val,Vuelve Carolina
Valencia,val,Xanglot
Valencia,val,Xaruga Restaurant
Valencia,val,Yarza
Valencia,val,Àtic Alameda
Vizcaya,viz,11 Aldeanos
Vizcaya,viz,Ahantz
Vizcaya,viz,Aitaren Boulevard
Vizcaya,viz,Aitor Rauleaga
Vizcaya,viz,Aixerrota
Vizcaya,viz,Akebaso
Vizcaya,viz,Akorda Taberna
Vizcaya,viz,Al Margen
Vizcaya,viz,Almiketxu
Vizcaya,viz,Almodobar
Vizcaya,viz,Amaren
Vizcaya,viz,Ambigú
Vizcaya,viz,Amillena
Vizcaya,viz,Andra Mari
Vizcaya,viz,Andraka Jatetxea
Vizcaya,viz,Antxoa Taberna
Vizcaya,viz,Ardi Beltz Taberna
Vizcaya,viz,Aretxondo
Vizcaya,viz,Arrantzale Gastrotaberna
Vizcaya,viz,Arrantzale Taberna
Vizcaya,viz,Arraun Jatetxea
Vizcaya,viz,Artebakarra
Vizcaya,viz,Asador Aramendi Berria
Vizcaya,viz,Asador Bidegain
Vizcaya,viz,Asador Bilbao Brasan
Vizcaya,viz,Asador Borda
Vizcaya,viz,Asador Cannon
Vizcaya,viz,Asador Etxebarri
Vizcaya,viz,Asador Guetaria
Vizcaya,viz,Asador Indusi
Vizcaya,viz,Asador Taskas
Vizcaya,viz,Aspaldiko
Vizcaya,viz,Atelier Etxanobe
Vizcaya,viz,Azurmendi
Vizcaya,viz,Bakea
Vizcaya,viz,Bar Americano at Hotel Ercilla
Vizcaya,viz,Bar El Eme
Vizcaya,viz,Bar El Globo
Vizcaya,viz,Bar Gaztandegi
Vizcaya,viz,Bar Los Botijos
Vizcaya,viz,Bar París
Vizcaya,viz,Basaguren Jatetxea
Vizcaya,viz,Baserri Maitea
Vizcaya,viz,Basquery
Vizcaya,viz,Bass Bilbao
Vizcaya,viz,Baste Taberna
Vizcaya,viz,Baster Bilbao
Vizcaya,viz,Basuki
Vizcaya,viz,Batzoki Miribilla
Vizcaya,viz,Beheko Sue
Vizcaya,viz,Bilbao Berria
Vizcaya,viz,Bilbao Urban Sagardotegi
Vizcaya,viz,Bistro Salitre
Vizcaya,viz,Bistró Guggenheim Bilbao
Vizcaya,viz,Bobby's Gourmet Barbecue
Vizcaya,viz,Bocoy
Vizcaya,viz,Bodega Charro
Vizcaya,viz,Boroa Jatetxea
Vizcaya,viz,Brasadero
Vizcaya,viz,Burgoa
Vizcaya,viz,Cafetería Florida
Vizcaya,viz,Cafetería Gorliz
Vizcaya,viz,Café Estoril
Vizcaya,viz,Café Iruña
Vizcaya,viz,Calcáreo
Vizcaya,viz,Casa Garras
Vizcaya,viz,Casa Leotta
Vizcaya,viz,Casa Roble
Vizcaya,viz,Casa de Marinos Uribekosta
Vizcaya,viz,Cevitxef
Vizcaya,viz,Coppola Bilbao
Vizcaya,viz,Cork
Vizcaya,viz,Cubita Bilbao
Vizcaya,viz,Dando la Brasa
Vizcaya,viz,De Santa Rosalía
Vizcaya,viz,Demaio
Vizcaya,viz,Demaio Jardines de Albia
Vizcaya,viz,El Arandia de Julen
Vizcaya,viz,El Bar de Rafa
Vizcaya,viz,El Huerto
Vizcaya,viz,El Mugi
Vizcaya,viz,El Paladar by Zuriñe García. Puente Colgante Boutique Hotel
Vizcaya,viz,El Puertito
Vizcaya,viz,El Txakoli de El Paladar
Vizcaya,viz,El Viejo Zortzi
Vizcaya,viz,Embarcadero Restaurante. Hotel Embarcadero
Vizcaya,viz,Eneko
Vizcaya,viz,"Eneko Basque Bilbao. Radisson Collection Hotel, Gran Vía Bilbao"
Vizcaya,viz,Eneperi
Vizcaya,viz,Ermintxo
Vizcaya,viz,Eskura
Vizcaya,viz,Etxoste
Vizcaya,viz,Euskalduna by Etxanobe
Vizcaya,viz,Forastera
Vizcaya,viz,Fuego Argentino
Vizcaya,viz,Garai Jatetxea
Vizcaya,viz,Garena
Vizcaya,viz,Gastronomía Bilbao
Vizcaya,viz,Gloria
Vizcaya,viz,Goizeko Izarra
Vizcaya,viz,Golfo Norte
Vizcaya,viz,Gon-Vaz Pulpería
Vizcaya,viz,Gose Smash Burgers
Vizcaya,viz,Gotzon Jatetxea
Vizcaya,viz,Goxo Break
Vizcaya,viz,Gozkoetxe Jatetxea
Vizcaya,viz,Grand Prix
Vizcaya,viz,Grecocina
Vizcaya,viz,Gure Etxea Jatetxea
Vizcaya,viz,Gure Etxea Taberna
Vizcaya,viz,Gure Toki
Vizcaya,viz,HDH Bilbao
Vizcaya,viz,Hambueysería Amaren
Vizcaya,viz,Himawari
Vizcaya,viz,Hondartzape
Vizcaya,viz,Ibaiondo
Vizcaya,viz,Ikuspegi Berria
Vizcaya,viz,India Town
Vizcaya,viz,Iruko by Sushi Gallery
Vizcaya,viz,Islares
Vizcaya,viz,Itxas Bide Deusto
Vizcaya,viz,Itxas Bide Restaurante
Vizcaya,viz,Itxas Bide Taberna
Vizcaya,viz,Itxas Gane
Vizcaya,viz,Iwasaki
Vizcaya,viz,Izu
Vizcaya,viz,Jardines Berria
Vizcaya,viz,Jateko Etxea
Vizcaya,viz,Jauregibarria
Vizcaya,viz,Jazminos
Vizcaya,viz,Kali Órexi by Labocatorio
Vizcaya,viz,Kanala Beach
Vizcaya,viz,Kantal
Vizcaya,viz,Kate Zaharra
Vizcaya,viz,Kerren Asador
Vizcaya,viz,Kimtxu
Vizcaya,viz,Kobika
Vizcaya,viz,Kokken
Vizcaya,viz,Kraken
Vizcaya,viz,Kuma
Vizcaya,viz,Kunel Donburi Bar
Vizcaya,viz,La Atómica
Vizcaya,viz,La Barra del Gourmet. El Corte Inglés
Vizcaya,viz,La Baskula
Vizcaya,viz,La Bodeguita del 12
Vizcaya,viz,La Brasa Canalla
Vizcaya,viz,La Despensa
Vizcaya,viz,La Despensa del Etxanobe
Vizcaya,viz,La Flaca
Vizcaya,viz,La Fábrica de Juan
Vizcaya,viz,La Gavilla
Vizcaya,viz,La Llama
Vizcaya,viz,La Oka Gastrobar
Vizcaya,viz,La Palma
Vizcaya,viz,La Pizarra
Vizcaya,viz,La Revelía
Vizcaya,viz,La Taberna de Zarate
Vizcaya,viz,La Taska de Isozaki
Vizcaya,viz,La Venta del Romerete
Vizcaya,viz,La Viña de Abelardo
Vizcaya,viz,La Viña del Ensanche
Vizcaya,viz,Lar
Vizcaya,viz,Las Lías
Vizcaya,viz,Las Nubes Café. El Corte Inglés Bilbao
Vizcaya,viz,Lasai
Vizcaya,viz,Los Fueros
Vizcaya,viz,Lucky Baster
Vizcaya,viz,Lukitxene. Escuela de Hostelería de Leioa
Vizcaya,viz,Lurrina
Vizcaya,viz,Maipu
Vizcaya,viz,Mandanga Hogar del Pescador
Vizcaya,viz,Marisquería Ipar Itxaso II
Vizcaya,viz,Markina
Vizcaya,viz,Martxo BGC
Vizcaya,viz,Mendi Goikoa Bekoa
Vizcaya,viz,Mendiondo
Vizcaya,viz,Mesón Arropain
Vizcaya,viz,Mina. Hotel Ercilla
Vizcaya,viz,Mokadu
Vizcaya,viz,Monocromo
Vizcaya,viz,Mr. Marvelous
Vizcaya,viz,Mugarra
Vizcaya,viz,Musume Izakaya
Vizcaya,viz,Nerua Guggenheim Bilbao
Vizcaya,viz,Nido
Vizcaya,viz,Nikkou
Vizcaya,viz,Nura
Vizcaya,viz,Odoloste
Vizcaya,viz,Ogoñope
Vizcaya,viz,Oh! Taku
Vizcaya,viz,Ola Martín Berasategui. Hotel Tayko Bilbao
Vizcaya,viz,Olio. The Artist Grand Hotel of Art
Vizcaya,viz,Palacio Larrea
Vizcaya,viz,Palacio San Joseren
Vizcaya,viz,Palacio Urgoiti
Vizcaya,viz,Palomita Bar
Vizcaya,viz,Parrillas del Mar
Vizcaya,viz,Perita
Vizcaya,viz,Perro Chico
Vizcaya,viz,Peso Neto
Vizcaya,viz,Petit Komité. Hotel Iraragorri
Vizcaya,viz,Pituko
Vizcaya,viz,Portuondo
Vizcaya,viz,Prim Erretegia
Vizcaya,viz,Pulcinella
Vizcaya,viz,Punkytxen
Vizcaya,viz,Ramen Keitoku
Vizcaya,viz,Ramen Shimoji
Vizcaya,viz,Regi Jatetxea
Vizcaya,viz,Remenetxe
Vizcaya,viz,Restaurante Aboiz
Vizcaya,viz,Restaurante Antsotegi. Hotel Antsotegi
Vizcaya,viz,Restaurante Begoña
Vizcaya,viz,Restaurante Boliña El Viejo
Vizcaya,viz,Restaurante El Caserío
Vizcaya,viz,Restaurante Karmelo
Vizcaya,viz,Restaurante La Escuela
Vizcaya,viz,Restaurante La Viña de Henao
Vizcaya,viz,Restaurante Luruna. Hotel Luruna Palacio Larrinaga
Vizcaya,viz,Restaurante Martín
Vizcaya,viz,Restaurante Mugarri
Vizcaya,viz,Rio Oja
Vizcaya,viz,Rola. Hotel Nafarrola
Vizcaya,viz,San Gotardo
Vizcaya,viz,San Mames Jatetxea
Vizcaya,viz,San Telmo Pastificio
Vizcaya,viz,Serantes
Vizcaya,viz,Skamata
Vizcaya,viz,Sokarrat
Vizcaya,viz,Solito Beach
Vizcaya,viz,Solomonk
Vizcaya,viz,Sorginzulo
Vizcaya,viz,Sukalde
Vizcaya,viz,Surfin' Tacos
Vizcaya,viz,Sustraiak
Vizcaya,viz,Síkera
Vizcaya,viz,Taberna Basaras
Vizcaya,viz,Taberna Eloy
Vizcaya,viz,Taberna Mikel Bengoa
Vizcaya,viz,Taberna Unai Jatetxea
Vizcaya,viz,Tamarises Izarra
Vizcaya,viz,Taroku
Vizcaya,viz,Tartar Taberna
Vizcaya,viz,Teike
Vizcaya,viz,Tellagorri
Vizcaya,viz,The Gallery. The Artist Grand Hotel of Art
Vizcaya,viz,The Rice Factory
Vizcaya,viz,Tipula Burger
Vizcaya,viz,Trozo Pizzería
Vizcaya,viz,Trueba
Vizcaya,viz,Txakoli Simón
Vizcaya,viz,Txanda
Vizcaya,viz,Txintxirri
Vizcaya,viz,Txirene
Vizcaya,viz,Txispa
Vizcaya,viz,Uarike
Vizcaya,viz,Urruti Taberna
Vizcaya,viz,Víctor Montes
Vizcaya,viz,Waman
Vizcaya,viz,Yandiola
Vizcaya,viz,Zapirain
Vizcaya,viz,Zarate
Vizcaya,viz,Zintziri Errota
Zaragoza,zgz,Absithium. Hotel Oriente
Zaragoza,zgz,Amaru
Zaragoza,zgz,Amor y Grasa Taberna Gastronómica
Zaragoza,zgz,Atípico
Zaragoza,zgz,Bistrónomo
Zaragoza,zgz,Bocadillos Nevada
Zaragoza,zgz,Café Chicago
Zaragoza,zgz,Casa Lac
Zaragoza,zgz,Casa Pedro
Zaragoza,zgz,Casa Unai
Zaragoza,zgz,Colette
Zaragoza,zgz,Crudo
Zaragoza,zgz,De Rechupete
Zaragoza,zgz,El Caserío
Zaragoza,zgz,El Chalet
Zaragoza,zgz,El Descorche
Zaragoza,zgz,El Rincón de Joselen
Zaragoza,zgz,Eleku Pinchos
Zaragoza,zgz,Extrem Gastro Bakery
Zaragoza,zgz,Gamberro
Zaragoza,zgz,Gente Rara
Zaragoza,zgz,Goralai
Zaragoza,zgz,La Bodega de Chema
Zaragoza,zgz,La Bodega de Jesús
Zaragoza,zgz,La Bodeguita del Medio
Zaragoza,zgz,La Cocina del Principal
Zaragoza,zgz,La Embajada
Zaragoza,zgz,La Nueva Karambola
Zaragoza,zgz,La Prensa
Zaragoza,zgz,La Rebotica
Zaragoza,zgz,La Scala
Zaragoza,zgz,La Senda
Zaragoza,zgz,Lokal
Zaragoza,zgz,Los Cabezudos
Zaragoza,zgz,Los Xarmientos Parrilla Aragonesa
Zaragoza,zgz,Mai Tai Exótico
Zaragoza,zgz,Maite
Zaragoza,zgz,Mazmorra
Zaragoza,zgz,Mesón Martín
Zaragoza,zgz,Mia Culpa
Zaragoza,zgz,Montal
Zaragoza,zgz,Méli-Mélo
Zaragoza,zgz,Nola Gras
Zaragoza,zgz,Origen 1952
Zaragoza,zgz,Pura Brasa
Zaragoza,zgz,Quema
Zaragoza,zgz,Restaurante El Cachirulo
Zaragoza,zgz,Restaurante El Candelas
Zaragoza,zgz,Restaurante Palomeque
Zaragoza,zgz,Restaurante Riskomar
Zaragoza,zgz,Restaurante Txalupa
Zaragoza,zgz,San Siro
Zaragoza,zgz,Saucco Restaurante
Zaragoza,zgz,Sophia Gastrobar
Zaragoza,zgz,Sr. Cachopo
Zaragoza,zgz,Symbol
Zaragoza,zgz,Uasabi
