City,Name,Michelin_Award,Green_Star,Repsol_Award,Worlds_50_Best_Rank,Steak_101_Rank,Notable_Wine_List,Cuisine,Price,Price_Tier,Address,Phone,Latitude,Longitude,Michelin_Url,Website,Sources,Description,Avg_Price_EUR,Price_Detail,Price_Source,Maps_Url
Barcelona,Alkimia,1 Star,,3 Soles,,,yes,Modern Cuisine,Spare no expense,4,"Ronda San Antoni 41 - Principal, Barcelona, 08011, Spain",+34 932 07 61 15,41.3826841,2.1635878,https://guide.michelin.com/en/catalunya/barcelona/restaurant/alkimia,https://alkimia.cat/,Michelin; Michelin wine list; Guia Repsol,"Alkimia has a somewhat surprising location inside the Moritz beer factory, which has been redesigned as a gourmet complex. Once you’ve rung the bell to get in, on the first floor you’ll find two different spaces (the bistro-style Alkostat and the Alkimia restaurant itself, in front of the kitchen), both featuring attractive designer details, avant-garde references to the marine world, alongside reclaimed classical furnishings that recall the interiors of Barcelona’s former aristocratic mansions. In the gastronomic dining room, chef Jordi Vilà conjures up fresh, contemporary cuisine which is deeply rooted in Catalan tradition and has a strong focus on fish. He offers just a single tasting menu entitled Catalan Cuisine Table, divided into six sections, each of which features a good selection of dishes. We thoroughly enjoyed the maritime version of the Escudella soup, as well as the exquisite squid with egg yolk and galangal root.",188,"tasting menu €188; lunch ""La Taula del Migdia"" €110",alkimia.cat / bcnrestaurantes,https://www.google.com/maps/search/?api=1&query=Alkimia%2C%20Ronda%20San%20Antoni%2041%20-%20Principal%2C%20Barcelona%2C%2008011%2C%20Spain
Barcelona,Angle,1 Star,,2 Soles,,,,Modern Cuisine,Spare no expense,4,"Aragó 214, Barcelona, 08011, Spain",+34 932 16 77 77,,,https://guide.michelin.com/en/catalunya/barcelona/restaurant/angle,https://anglebarcelona.com/,Michelin; Guia Repsol,"Located inside the Hotel Cram, but with a separate entrance, Angle is overseen by celebrity chef Jordi Cruz. Here, guests can enjoy an aperitif and appetisers in the foyer before heading up to the dining room on the first floor, a contemporary space that exudes elegance and serenity with its striking floor lamps, wooden fixtures and fittings and heavy curtains. In the kitchen, the award-winning chef’s modern, creative blueprint is followed to the letter without any unnecessary fuss, but with great care and attention and a sense of freedom. Based around market-inspired ingredients, the cuisine is showcased on a tasting menu that features dishes from the three-starred ABaC alongside others conceived in-house. However, everything is in keeping with the restaurant's mission to create “haute cuisine for everyday consumption”. We strongly advise saving space for the dessert menu, with its vast array of textures and flavours.",80,lunch €45; menus €60 / €80 / €90,anglebarcelona.com / michelin,https://www.google.com/maps/search/?api=1&query=Angle%2C%20Arag%C3%B3%20214%2C%20Barcelona%2C%2008011%2C%20Spain
Barcelona,Atempo,1 Star,,1 Sol,,,,Modern Cuisine,Spare no expense,4,"Còrsega 200, Barcelona, 08036, Spain",+34 937 34 19 19,,,https://guide.michelin.com/en/catalunya/barcelona/restaurant/atempo-1196425,https://atemporestaurant.com/es/,Michelin; Guia Repsol,"This spacious and contemporary restaurant will surprise guests as soon as they walk through the door as they are accompanied to two kitchens, for hot and cold food respectively, in which they can try a pleasant array of appetisers and small snacks before being ushered into the elegant dining room.Chef Iñaki Aldrey offers his cuisine with the option of an à la carte menu and two tasting menus designed by celebrity chef Jordi Cruz (Atempo and Gran Atempo), showcasing contemporary cooking and techniques that aim to highlight the depth of flavours, something they succeed in here thanks to top-quality ingredients and highly consistent combinations. The interplay between the kitchen and the service in the dining room is particularly impressive, as the finishing touches to many dishes are added in front of the guests’ eyes. Try the Galician sea urchin with carabinero tartar and Ossetra caviar or the hare royale with a black garlic emulsion and roast pumpkin and white garlic cream – a French-inspired recipe combining both flavour and solid technique.",120,tasting €120 (+€60 pairing); TheFork avg €188,thefork,https://www.google.com/maps/search/?api=1&query=Atempo%2C%20C%C3%B2rsega%20200%2C%20Barcelona%2C%2008036%2C%20Spain
Barcelona,Hisop,1 Star,,2 Soles,,,,Creative,Special occasion,3,"Passatge de Marimon 9, Barcelona, 08021, Spain",+34 932 41 32 33,,,https://guide.michelin.com/en/catalunya/barcelona/restaurant/hisop,https://www.hisop.com/,Michelin; Guia Repsol,"Named after an aromatic Mediterranean plant, this Michelin-starred restaurant has been enjoying the fruits of its success for some time now, in part due to its competitive pricing.In the contemporary, minimalist-style dining room, chef Oriol Ivern serves fresh, creative dishes that offer a different take on Catalan culinary tradition, and are always based around locally sourced seasonal ingredients and impressive combinations. In keeping with the chef’s personality, the aim of his cuisine is to offer truly unique dishes that are both playful and full of surprising detail. Although not extensive, the enticing à la carte is complemented by an interesting tasting menu which evolves every three months, with a wine pairing option. Try the artichokes with cod tripe, black botifarra sausage and wakatai, an excellent combination of flavours and textures, or their signature red mullet with a mollusc mayonnaise.",85,9-course tasting €85-90 (+€110 w/ pairing),fodors / frommers,https://www.google.com/maps/search/?api=1&query=Hisop%2C%20Passatge%20de%20Marimon%209%2C%20Barcelona%2C%2008021%2C%20Spain
Barcelona,Hofmann,1 Star,,1 Sol,,,,Modern Cuisine,Special occasion,3,"La Granada del Penedès 14-16, Barcelona, 08006, Spain",+34 932 18 71 65,,,https://guide.michelin.com/en/catalunya/barcelona/restaurant/hofmann,https://www.hofmannrestaurante.com/,Michelin; Guia Repsol,"This institution in the upper reaches of Barcelona, which has played host to a number of chefs who have gone on to win their own Michelin stars, reflects the love affair that its founder chef, Mey Hofmann, had with food, a legacy that she has passed down to her daughter Silvia and her expert teaching staff. In the restaurant itself, featuring staff from the school and a large picture window through which guests can watch activity unfold in the kitchen, an à la carte-style menu is available at lunchtime (along with a slightly more refined Gastronómico Mediodía menu). In the evening, these are replaced by two extensive tasting menus (Gastronómico Noche and Luxury). The focus here is on modern fusion cuisine with strong roots in tradition, which is continually brought up to date in terms of the pairing of ingredients, technique and presentation. The desserts here are always a delight!",70,avg €70; 6-course dinner €91,thefork / restaurantguru,https://www.google.com/maps/search/?api=1&query=Hofmann%2C%20La%20Granada%20del%20Pened%C3%A8s%2014-16%2C%20Barcelona%2C%2008006%2C%20Spain
Barcelona,Moments,1 Star,,2 Soles,,,yes,Creative,Spare no expense,4,"Passeig de Gràcia 38-40, Barcelona, 08007, Spain",+34 931 51 87 81,41.3911693,2.1664829,https://guide.michelin.com/en/catalunya/barcelona/restaurant/moments,https://www.mandarinoriental.com/es-es/barcelona/passeig-de-gracia/dine/moments,Michelin; Michelin wine list; Guia Repsol,"The fine-dining restaurant at the Mandarin Oriental Barcelona hotel is run by Raül Balam, son of the legendary chef Carme Ruscalleda. In addition to his own undeniable individual talent, you’ll note several culinary traits he has inherited from his mother.Dominated by amber and gold tones, the modern dining space also features a window through which it’s possible to watch the team at work in the kitchen. The neo-traditional cuisine here showcases the underlying creativity of time-honoured Catalan traditions, healthy Mediterranean produce, and the intrinsic distinctiveness of every flavour... all brought together on two set menus (one seasonal and another, more extensive tasting menu) that change with each season and work with the best seasonal ingredients. According to the chef, each ingredient reflects the profound connection with the soil and those who work it, giving rise to dishes created with great precision and a unique objective. Excellent service and a great wine list, with more than 600 labels!",143,tasting €125-143; TheFork avg €190,thefork / mandarinoriental,https://www.google.com/maps/search/?api=1&query=Moments%2C%20Passeig%20de%20Gr%C3%A0cia%2038-40%2C%20Barcelona%2C%2008007%2C%20Spain
Barcelona,Prodigi,1 Star,,1 Sol,,,,Modern Cuisine,Special occasion,3,"Girona 145, Barcelona, 08037, Spain",+34 936 79 15 92,,,https://guide.michelin.com/en/catalunya/barcelona/restaurant/prodigi,https://www.prodigi.cat/,Michelin; Guia Repsol,"The first thing to attract your attention at Prodigi is its name, created from the first syllable of three neighbouring streets (Provença, Diagonal and Girona).In this contemporary-style restaurant, the à la carte remains faithful to seasonal ingredients despite its concise nature and extols the virtues of traditional Catalan cuisine which it has successfully brought up to date. It is complemented by two set menus (one a three-course meal only available at lunchtime during the week, and a second more extensive tasting menu-style option). Chef Jordi Tarré, who is renowned for his highly elegant dishes with a traditional base and nuanced international influences, is constantly looking to surprise his diners, which is why he changes up the dishes depending on the season. On our last visit, we really liked his squid and sobrassada rice with squid and lime slices, wasabi emulsion and marine sprouts!",95,tasting €95; lunch 3-course €45; pairing €45,thefork / restaurantguru,https://www.google.com/maps/search/?api=1&query=Prodigi%2C%20Girona%20145%2C%20Barcelona%2C%2008037%2C%20Spain
Barcelona,Quirat,1 Star,,1 Sol,,,,Contemporary,Spare no expense,4,"Avenida de Rius I Taulet 1, Barcelona, 08004, Spain",+34 934 26 22 23,,,https://guide.michelin.com/en/catalunya/barcelona/restaurant/quirat,https://quiratrestaurant.com/,Michelin; Guia Repsol,"The gourmet restaurant at the Intercontinental Barcelona is another example of a hotel keen to diversify its services for guests by transforming itself into a foodie destination in its own right. Quirat, which has its own independent entrance (as well as access via the lobby), represents, in its own words, “the purity and wealth of the elements that form the land”. Chef Víctor Torres, who is renowned for his cuisine at the Michelin-starred Les Magnòlies in Arbúcies, creates contemporary Catalan cuisine that always showcases locally sourced ingredients while at the same time fully respecting seasonality. Dishes here are full of depth and flavour, with simplicity only evident in his sauces and reductions. Highlights on the menu include Maresme peas with onion soup and sea urchin; artichoke, romesco sauce and Mas Farró cheese; and “cap i pota” stew with sea cucumber – dishes that Víctor Torres views as tiny jewels, hence the naming of his menus 18K and 24K. The hotel even has its own kitchen garden.",135,18K €110 / 24K €160; avg €125,thefork / jre.eu,https://www.google.com/maps/search/?api=1&query=Quirat%2C%20Avenida%20de%20Rius%20I%20Taulet%201%2C%20Barcelona%2C%2008004%2C%20Spain
Barcelona,Via Veneto,1 Star,,2 Soles,,,yes,Classic Cuisine,Spare no expense,4,"Ganduxer 10, Barcelona, 08021, Spain",+34 932 00 72 44,41.3924041,2.1388292,https://guide.michelin.com/en/catalunya/barcelona/restaurant/via-veneto,https://www.viavenetobarcelona.com/,Michelin; Michelin wine list; Guia Repsol,"Almost everyone in Barcelona is aware of the legendary culinary status of Via Veneto! Even after half a century of service and change, the Monje family has retained the true values of this restaurant that seems anchored in the past, but which has been able to move with the times without losing an ounce of its personality. To an elegant and genuine Belle Époque backdrop, young chef David Andrés maintains the culinary status quo here through cuisine that underpins its classical heritage, albeit with a focus on a more modern technical approach and a select array of ingredients. Delicious game dishes (hare royale, red partridge with stewed cabbage, loin of venison etc) are also on the menu in season. Guests can visit the superb wine cellar, 6m underground, which boasts an outstanding collection of Spanish and French wines. A favourite dish here is the pressed roast duck cooked in its own jus and served two ways (for a minimum of two guests) which has featured on the menu since 1967!",80,avg €80; mains €28-50; tasting €90,restaurantguru / frommers,https://www.google.com/maps/search/?api=1&query=Via%20Veneto%2C%20Ganduxer%2010%2C%20Barcelona%2C%2008021%2C%20Spain
Barcelona,Avenir,Bib Gourmand,,,,,,Contemporary,A moderate spend,2,"Carrer de l'Avenir 72, Barcelona, 08021, Spain",+34 691 90 71 38,,,https://guide.michelin.com/en/catalunya/barcelona/restaurant/avenir,https://avenir.restaurant/,Michelin,"In this simple establishment, reminiscent of a charming taberna, it is impossible to leave disappointed due to the friendliness of its service and a philosophy that focuses on the fine detail of its cuisine. It is run by its two owners (Roger Viñas and Chesco Salrach) who, as fate would have it, became friends at their children’s school and decided to embark on this venture together with the former working in the kitchen, and the latter in the dining room. Here they champion contemporary cuisine, with nods to both the sea and the mountains, where different techniques, good textures and a great mastery of broths can be appreciated. The menu, with options for pescatarians and open to sharing, focuses on three tasting menus: Tastets de l'Avenir (set lunch menu, only on weekdays), La Barra de l'Avenir (15 courses) and another, more complete, called L'Avenir (19 courses). We loved their Seda-Setas-Escabeche, their Catalan interpretation of Mochi!",35,weekday lunch €32.95; pescatarian menu €82.50; avg €35,thefork / avenir.restaurant,https://www.google.com/maps/search/?api=1&query=Avenir%2C%20Carrer%20de%20l%27Avenir%2072%2C%20Barcelona%2C%2008021%2C%20Spain
Barcelona,Bacaro,Bib Gourmand,,,,,,Italian,A moderate spend,2,"Jerusalem 6, Barcelona, 08001, Spain",+34 931 15 66 79,,,https://guide.michelin.com/en/catalunya/barcelona/restaurant/bacaro-1206273,https://www.bacarobarcelona.com/,Michelin,"This restaurant, steeped in the essence of Italy but which the team describes as a “Venetian taberna”, is located just a few steps from the emblematic Boquería market, and is one of those places you look forward to visiting given the caring and kindness in evidence as soon as you walk through the door. Bistro in style, and split between two floors, it boasts an eclectic yet simple decor, the idea being not to interfere too much with what is really important, namely the food! The latter is clearly rooted in Italian tradition, with a continual emphasis on flavour. You’ll find pasta here, of course, but don’t miss the typical sardines “in saor”, the Venetian-style veal liver, or the marvellous tiramisù. As you would expect, the wine list includes some classic Italian labels.",35,avg €30-35; €30-40 pp dinner,thefork / restaurantguru,https://www.google.com/maps/search/?api=1&query=Bacaro%2C%20Jerusalem%206%2C%20Barcelona%2C%2008001%2C%20Spain
Barcelona,Bardeni-Caldeni,Bib Gourmand,,,,,,Meats and Grills,A moderate spend,2,"Valencia 454, Barcelona, 08013, Spain",932 32 58 11,,,https://guide.michelin.com/en/catalunya/barcelona/restaurant/bardeni-caldeni,https://www.bardeni.es/,Michelin,"A ‘meat bar’ where meats are the great and unmistakable stars of the show. It is especially surprising for its old butcher's shop aesthetics, with a bar where you can also eat. Chef Dani Lechuga presents a menu where the Angus steak tartare stands out, Caldeni style, and you should always ask for the ‘Suggestions of the day’, as it is not unusual to find special cuts of veal to choose from. They offer half portions!",45,avg €45; tapas €4-12/item,thefork / bardeni.es,https://www.google.com/maps/search/?api=1&query=Bardeni-Caldeni%2C%20Valencia%20454%2C%20Barcelona%2C%2008013%2C%20Spain
Barcelona,Berbena,Bib Gourmand,,,,,,Creative,A moderate spend,2,"Minerva 6, Barcelona, 08006, Spain",+34 691 95 77 97,,,https://guide.michelin.com/en/catalunya/barcelona/restaurant/berbena,https://berbenabcn.com/,Michelin,"A diminutive, unpretentious and informal restaurant with a name that pays homage to the traditional “berbena” festivals. At the centre of everything here is Carles Pérez de Rozas Canut, whose focus is on simple yet well-though-out and highly captivating dishes (all available in half- and some even in quarter-portions) based around seasonal Mediterranean ingredients, but which also feature influences from Asia and South America. Personality in spades, with an open kitchen and enticing recipes that tell us lots about the chef, his travels and his work in other countries. His magnificent desserts add a final flourish at the end of your meal – the crème fraîche ice-cream with olive oil and salt is definitely one you won’t want to pass up on.",50,avg €40; recent reviews €60-80 pp,restaurantguru / tripadvisor,https://www.google.com/maps/search/?api=1&query=Berbena%2C%20Minerva%206%2C%20Barcelona%2C%2008006%2C%20Spain
Barcelona,Cruix,Bib Gourmand,,,,,,Contemporary,A moderate spend,2,"Entença 57, Barcelona, 08015, Spain",+34 935 25 23 18,,,https://guide.michelin.com/en/catalunya/barcelona/restaurant/cruix,https://www.cruixrestaurant.com/,Michelin,"Located in the Eixample district of Barcelona, near Plaça d'Espanya, this restaurant with an informal feel and exposed brick walls is the perfect setting in which to feel very much at home thanks to service that could not be any more friendly. The fun à la carte, with signature bites as well as both hot and cold dishes, is supported by two tasting menus: Petit Cruix (7 courses) and Cruix (10 courses). Here, chef Miquel Pardo’s superb sharing rice dishes are worthy of special mention (the paellas are all served with their special crispy ‘socarrat’ texture at the bottom of the pan!). One particularly interesting savoury dish is the cod churro which is fried to a crispy golden texture. For dessert, we recommend the unusually named ‘sad day on the beach’! In fine weather, try to book a table on the terrace.",58,10-course €58; 14-course €82,fodors / thefork,https://www.google.com/maps/search/?api=1&query=Cruix%2C%20Enten%C3%A7a%2057%2C%20Barcelona%2C%2008015%2C%20Spain
Barcelona,Glug,Bib Gourmand,,,,,,Creative,A moderate spend,2,"Viladomat 289, Barcelona, 08029, Spain",+34 747 74 79 29,,,https://guide.michelin.com/en/catalunya/barcelona/restaurant/glug,https://www.glugbarcelona.com/,Michelin,"If you’re on the lookout for a restaurant in the Eixample district of the city, this is a name you’ll definitely want to jot down. Located opposite the Sant Jordi swimming pool, Glug is much more than a hangout for foodies as wine also plays a prominent role here (hence its name). The couple in charge, chefs Iván Garcia and Beatrice Casella (the latter, a native of Turin, is responsible for the wonderful desserts), offer cuisine that is informal, does not follow any set rules, and is designed exclusively for enjoyment. The menu, featuring delicious dishes such as onion soup and “buttons” of Comté cheese, works with seasonal ingredients, combining aspects of Catalan and Italian cuisine in a highly interesting and creative way.",35,avg €35 (8 plates + wine); €30-50 pp,restaurantguru / foodieinbarcelona,https://www.google.com/maps/search/?api=1&query=Glug%2C%20Viladomat%20289%2C%20Barcelona%2C%2008029%2C%20Spain
Barcelona,Oníric,Bib Gourmand,,,,,,Fusion,A moderate spend,2,"Rabassa 37, Barcelona, 08024, Spain",+34 931 25 98 06,,,https://guide.michelin.com/en/catalunya/barcelona/restaurant/oniric,https://oniricrestaurant.com/,Michelin,"Under this name, which automatically takes us into the world of dreams, we have found one of those establishments that we would all like to visit; it illustrates that the most longed-for and unattainable projects can become reality. The tandem at the helm, with Jonatan Izquierdo behind the burners and Laura Humanes in charge of everything in the dining room, champions a proposal of modern cuisine built from common sense, with a small menu and three interesting menus: Herrén (executive-style, only at midday during the week), Oníric and Somni. One dish that we loved? The risky but convincing conger eel buñuelos, green curry, coconut and tamarind.",48,Herrén lunch €26; Oníric €48; Somni €80,thefork / enprimeurclub,https://www.google.com/maps/search/?api=1&query=On%C3%ADric%2C%20Rabassa%2037%2C%20Barcelona%2C%2008024%2C%20Spain
Barcelona,Saó,Bib Gourmand,,,,,,Creative,A moderate spend,2,"Cesare Cantù 2, Barcelona, 08023, Spain",+34 935 66 39 68,,,https://guide.michelin.com/en/catalunya/barcelona/restaurant/sao,https://saobcn.com/,Michelin,"It is located in uptown Barcelona and its name is anything but trivial, because when translated into English (seasoning, ripeness, moment) it highlights ‘the point or maturity of things’. Juanen Benavent, the Valencian-born chef at the helm of the restaurant, puts his stamp on seasonal local produce to offer an up-to-date, creative cuisine with notable French influences, something that is all the more understandable after learning that he spent four years working at the Goust restaurant in Paris. What will you find? Three set menus (Llavor, Germinat and Arrels) and finger-licking dishes, such as his stunning savoury Crema Catalana, with aubergine at the base and caramelised foie gras topping.",60,midday set €24.50; avg €60; menus €25-75,thefork / bcnrestaurantes,https://www.google.com/maps/search/?api=1&query=Sa%C3%B3%2C%20Cesare%20Cant%C3%B9%202%2C%20Barcelona%2C%2008023%2C%20Spain
Barcelona,Amar Barcelona,Selected,,1 Sol,,,yes,Contemporary,Spare no expense,4,"Gran Via de les Corts Catalanes 668, Barcelona, 08010, Spain",+34 931 03 99 88,41.3913747,2.1714455,https://guide.michelin.com/en/catalunya/barcelona/restaurant/amar-barcelona,https://www.hotelpalacebarcelona.com/es/amar-barcelona-rafa-zafra,Michelin; Michelin wine list; Guia Repsol,"The Palace Barcelona’s in-house restaurant, overseen by chef Rafa Zafra, has a very strong attachment to both the Mediterranean and the city. On the menu you’ll find excellent oysters and caviar, superb fish priced by weight and perfect for sharing, traditional Catalan recipes, as well as the hotel’s signature dishes that pay homage to the Ritz, and a tasting menu (Amar Lentamente) that gives centre stage to the sea and the full bounty of its ingredients.",145,"tasting ""Amar Lentamente"" €145; lunch €55/€75/€95",hotelpalacebarcelona.com,https://www.google.com/maps/search/?api=1&query=Amar%20Barcelona%2C%20Gran%20Via%20de%20les%20Corts%20Catalanes%20668%2C%20Barcelona%2C%2008010%2C%20Spain
Barcelona,AÜC,Selected,,,,,,Regional Cuisine,On a budget,1,"Plaça del Camp 7, Barcelona, 08022, Spain",+34 931 51 14 62,,,https://guide.michelin.com/en/catalunya/barcelona/restaurant/auc,https://www.aucbar.com/,Michelin,"Excellent chicken croquettes, tripe with calf’s head boasting a wonderful spicy touch, a tasty special section dedicated to macaroni (just like mama used to make)... This cosy restaurant in the heart of the Sant Gervasi neighbourhood is run by experienced catering professionals and champions traditional Catalan cuisine that takes diners back to the flavours of home, reflecting a mother or grandmother’s cuisine, while not shying away from some modern touches in some dishes. Here, above all, humble and local cuisine can be rediscovered.",35,€30-40 pp,restaurantguru,https://www.google.com/maps/search/?api=1&query=A%C3%9CC%2C%20Pla%C3%A7a%20del%20Camp%207%2C%20Barcelona%2C%2008022%2C%20Spain
Barcelona,Batea,Selected,,,,,,Seafood,A moderate spend,2,"Gran Via de Les Corts Catalanes 605, Barcelona, 08007, Spain",+34 934 06 87 92,,,https://guide.michelin.com/en/catalunya/barcelona/restaurant/batea,https://www.bateabarcelona.com/,Michelin,This cosmopolitan bistro located on one side of the emblematic Avenida Palace hotel has a contemporary interior that provides the backdrop for fusion cooking that combines traditional Catalan and Galician cuisine. The market-inspired small plates on offer here have a constant focus on the Atlantic and the Mediterranean.,55,avg €50-55 excl. drinks; some report €60-70,thefork / bateabarcelona.com,https://www.google.com/maps/search/?api=1&query=Batea%2C%20Gran%20Via%20de%20Les%20Corts%20Catalanes%20605%2C%20Barcelona%2C%2008007%2C%20Spain
Barcelona,Besta,Selected,,1 Sol,,,,Farm to table,Special occasion,3,"Aribau 106, Barcelona, 08036, Spain",+34 930 19 82 94,,,https://guide.michelin.com/en/catalunya/barcelona/restaurant/besta,https://www.bestabarcelona.com/,Michelin; Guia Repsol,"A casual “neo-bistro” run by chef Manu Núñez, well known after his time on the programme Top Chef. A native of A Coruña, he manages to fuse his Galician origins with Catalan flavours, goes through a constant renewal process, also bringing to his offer some Nordic touches learned during his time working in award-winning restaurants in Sweden. The proposal, typical of a market cuisine that makes constant nods to both the Atlantic and the Mediterranean, takes the form of a small à la carte and two set menus: Degustación and Festival (9 and 12 courses). The Mariscada course, made up of several appetisers that pay tribute to Galician seafood from a modern perspective, really caught our attention. They also have what they call the Chef’s Table, a bar where you can eat while you watch some dishes being finished.",78,tasting 9-course €78; Festival 12-course €95,bestabarcelona.com / thefork,https://www.google.com/maps/search/?api=1&query=Besta%2C%20Aribau%20106%2C%20Barcelona%2C%2008036%2C%20Spain
Barcelona,Can Bo,Selected,,,,,,Modern Cuisine,A moderate spend,2,"Via Laietana 30, Barcelona, 08003, Spain",+34 932 95 79 05,,,https://guide.michelin.com/en/catalunya/barcelona/restaurant/can-bo,https://www.grandhotelcentral.com/en/restaurant-can-bo/,Michelin,"The name of this tapas and wine bar is a subtle phonetic tribute to Francesc Cambó, founder of the historic building in which it is located. The menu here features tapas and dishes to share, all of which showcase the quality of ingredients and local cuisine, all accompanied by pairings from the extensive and carefully curated wine cellar of over 150 labels. The overall look here is one characterised by elegant Mediterranean-style decor, with decorative detail inspired by Catalan Modernism, large windows that flood the space with natural light, and a cosy atmosphere that provides an enjoyable backdrop.",50,chef's tasting menu ~€50; wine pairing min €25,grandhotelcentral.com,https://www.google.com/maps/search/?api=1&query=Can%20Bo%2C%20Via%20Laietana%2030%2C%20Barcelona%2C%2008003%2C%20Spain
Barcelona,Capet,Selected,,,,,,Seasonal Cuisine,A moderate spend,2,"Cometa 5, Barcelona, 08002, Spain",+34 937 20 44 21,,,https://guide.michelin.com/en/catalunya/barcelona/restaurant/capet,https://capetrestaurant.com/,Michelin,"Located in one of the charming narrow streets that endow the city’s Gothic Quarter with its characteristic personality, Capet features a rustic-contemporary look and an original layout with an open-view kitchen on the ground floor (around which guests can sit and eat) and a pleasant dining room upstairs, which overlooks what is happening below. Chef Armando Álvarez champions an updated and sincere take on traditional cooking, showcased via à la carte options and two tasting menus (5 and 8 courses). Want some advice? Always check out the daily specials, which are displayed on a large chalkboard for all customers to see.",75,tasting €75 (5c) / €90 (8c); avg €70,thefork / capetrestaurant.com,https://www.google.com/maps/search/?api=1&query=Capet%2C%20Cometa%205%2C%20Barcelona%2C%2008002%2C%20Spain
Barcelona,Compartir Barcelona,Selected,,,,,,Mediterranean Cuisine,Special occasion,3,"Valencia 225, Barcelona, 08007, Spain",+34 936 24 78 86,,,https://guide.michelin.com/en/catalunya/barcelona/restaurant/compartir-barcelona,https://www.compartirbarcelona.com/,Michelin,"A place with a Mediterranean atmosphere located in the heart of Eixample, not far from Disfrutar (its big brother), which brings to Barcelona the same culinary concept that has triumphed in its namesake in Cadaqués. They surprise diners with a good variety of oysters and fairly modern dishes, with a certain international fusion and very much designed for sharing (the brown crab with avocado and trout roe stands out, as well as the original Disfrutar ‘Panchino’, with caviar and sour cream).",100,avg €100; tasting from €115,thefork / michelin,https://www.google.com/maps/search/?api=1&query=Compartir%20Barcelona%2C%20Valencia%20225%2C%20Barcelona%2C%2008007%2C%20Spain
Barcelona,Deliri,Selected,,,,,,Contemporary,A moderate spend,2,"Còrsega 242, Barcelona, 08036, Spain",+34 936 11 39 27,,,https://guide.michelin.com/en/catalunya/barcelona/restaurant/deliri,https://www.deliribcn.com/,Michelin,"In this urban-industrial-style restaurant, chef David Morera’s contemporary Catalan cuisine is fun and full of personality, including an impressive choice of suggestions as well as game dishes in season (wild boar wrapped in cabbage leaves, hare royale, etc.). Everything is supported by a 10-course tasting menu, called Deliri. Be sure to try the delicious stuffed paccheri pasta (macarras de l’àvia)!",60,avg €45; dinner reports €70-80 pp,thefork / restaurantguru,https://www.google.com/maps/search/?api=1&query=Deliri%2C%20C%C3%B2rsega%20242%2C%20Barcelona%2C%2008036%2C%20Spain
Barcelona,DIREKTE,Selected,,1 Sol,,,,Fusion,Special occasion,3,"París 200, Barcelona, 08008, Spain",+34 934 50 87 89,,,https://guide.michelin.com/en/catalunya/barcelona/restaurant/direkte-boqueria,,Michelin; Guia Repsol,"Just a few steps from the always busy Diagonal, this establishment has turned the bar into the main protagonist.Chef Arnau Muñío, a native of Cerdanyola del Vallès, always takes risks in his combinations and shows a special interest in both seafood and vegetables, successfully fusing Catalan roots and Mediterranean market products with flavours from Asian cuisine. The proposal only comes to life through three surprise tasting menus: Direkte, Boqueria and Eixample (the latter, the most complete with 12 savoury courses and 3 desserts, requires prior reservation). What did we like the most? The tuna spine esqueixada, served in two courses alongside tuna spine consommé with fermented pine blossom, and their wonderful roast chicken stock with prawns. A comprehensive wine list, featuring international options as well as local and low-intervention wines!",82,7-course €45 / 10-course €56; long menu €82; dinner €90-100 pp,thefork / restaurantguru,https://www.google.com/maps/search/?api=1&query=DIREKTE%2C%20Par%C3%ADs%20200%2C%20Barcelona%2C%2008008%2C%20Spain
Barcelona,Dos Pebrots,Selected,,1 Sol,,,,Mediterranean Cuisine,Special occasion,3,"Doctor Dou 19, Barcelona, 08001, Spain",+34 938 53 95 98,,,https://guide.michelin.com/en/catalunya/barcelona/restaurant/dos-pebrots,https://www.dospebrots.com/,Michelin; Guia Repsol,"If you’re looking for somewhere that reflects the essence of Mediterranean cooking, this restaurant in the El Raval district, close to MACBA (Museu d'Art Contemporani de Barcelona), is a superb option. In the open-view kitchen, with its signature Josper grill, the focus is on the evolution of gourmet cuisine and the variety of Mediterranean flavours which are showcased on an interesting à la carte (each dish is accompanied by information to explain its history) and three meticulously presented menus (Dos Pebrots, Tasting menu and Festival). Take a seat at the bar to enjoy the experience to the full.",70,set menus €50 / €70 / €90; Festival €120; avg €80,thefork / mesprestiges,https://www.google.com/maps/search/?api=1&query=Dos%20Pebrots%2C%20Doctor%20Dou%2019%2C%20Barcelona%2C%2008001%2C%20Spain
Barcelona,Eldelmar - Hermanos Torres,Selected,,1 Sol,,,,Traditional Cuisine,Special occasion,3,"Moll del Gregal 3, Barcelona, 08005, Spain",+34 937 07 80 98,,,https://guide.michelin.com/en/catalunya/barcelona/restaurant/eldelmar-hermanos-torres,https://www.eldelmarhermanostorres.com/,Michelin; Guia Repsol,"The simple fact of having the Torres brothers’ name behind it is enough of a guarantee for this restaurant, but if we add in the spectacular setting of the Balcó Gastronòmic at the Port Olimpic with views of its moored yachts and the Nova Icària beach, you’re on to a certain winner. In this restaurant with a casual ambience and large picture windows through which you can enjoy views of the sea and its surroundings, you’ll find an à la carte that has a clear focus on the Mediterranean and its bounty. The numerous options on offer include oysters, delicious rice and fideuá dishes, pasta and meat, plus a special section dedicated to fish of the day. The extensive wine list features over 400 labels.",75,à la carte €€€; ~€65-70 pp; fish by weight pushes higher,thefork / eldelmarhermanostorres.com,https://www.google.com/maps/search/?api=1&query=Eldelmar%20-%20Hermanos%20Torres%2C%20Moll%20del%20Gregal%203%2C%20Barcelona%2C%2008005%2C%20Spain
Barcelona,Estimar,Selected,,2 Soles,,,,Seafood,Spare no expense,4,"Sant Antoni dels Sombrerers 3, Barcelona, 08003, Spain",+34 932 68 91 97,,,https://guide.michelin.com/en/catalunya/barcelona/restaurant/estimar,https://www.restaurante-estimar.com/,Michelin; Guia Repsol,An intimate restaurant that is somewhat tucked away but which has received many plaudits thanks to the passion for the sea shown by the Gotanegra family and chef Rafa Zafra. Grilled dishes and high-quality products are to the fore here.,100,TheFork avg €120; other sources €80; prawns €75/plate,thefork / restaurantguru,https://www.google.com/maps/search/?api=1&query=Estimar%2C%20Sant%20Antoni%20dels%20Sombrerers%203%2C%20Barcelona%2C%2008003%2C%20Spain
Barcelona,L'Antiquari Gastronòmic,Selected,,,,,,Creative,Special occasion,3,"Carrer de Neptú 4, Barcelona, 08006, Spain",+34 936 33 81 04,,,https://guide.michelin.com/en/catalunya/barcelona/restaurant/l-antiquari-gastronomic,https://antiquarigastronomic.com/,Michelin,"It is clear that this restaurant, with its rustic atmosphere in the heart of the Gràcia neighbourhood, has found favour with the general public, who are always eager to try a technical and daring proposal that can blow our taste buds away. The couple at the helm, with Yordi Martínez as chef and Lara Cerlini as sommelier and maitre d', focuses all their work around a single 15-course tasting menu that combines tradition and modernity, always closing the meals in style with a sweet treat (we loved their dessert, with different textures of olive oil). Fun fact: The chef, who usually stops by the tables to explain some of the dishes, always wears a cap as a tribute to his grandfather Antolín.",75,"15-course ""Astronòmic"" €75; pairing €45",thefork / antiquarigastronomic.com,https://www.google.com/maps/search/?api=1&query=L%27Antiquari%20Gastron%C3%B2mic%2C%20Carrer%20de%20Nept%C3%BA%204%2C%20Barcelona%2C%2008006%2C%20Spain
Barcelona,La Forquilla,Selected,,,,,,Creative,Special occasion,3,"Aragó 152, Barcelona, 08011, Spain",+34 933 00 79 80,,,https://guide.michelin.com/en/catalunya/barcelona/restaurant/la-forquilla,https://www.laforquilla.com/,Michelin,"La Forquilla is definitely a restaurant with a difference given that owner-chef Vidal Gravalosa takes care of everything, including a huge amount of preparation before every sitting, impressive work in the kitchen, as well as service at the handful of tables. His cooking is centred around a tasting menu plus a creatively inspired à la carte featuring an array of seasonal recipes. Standout dishes include the Maresme peas with baby squid and Iberian pork jowl, and the crispy Segovian suckling pig served with its own sauce, parsnip purée and baby gem lettuce.",77,tasting €77 (earlier listings €49.50-62),thefork / michelin,https://www.google.com/maps/search/?api=1&query=La%20Forquilla%2C%20Arag%C3%B3%20152%2C%20Barcelona%2C%2008011%2C%20Spain
Barcelona,La Taverna del Clínic,Selected,,1 Sol,,,,Traditional Cuisine,Special occasion,3,"Rosselló 155, Barcelona, 08036, Spain",+34 934 10 42 21,,,https://guide.michelin.com/en/catalunya/barcelona/restaurant/la-taverna-del-clinic,https://www.latavernadelclinic.com/,Michelin; Guia Repsol,"A family-run “taverna” featuring a profusion of wood and thoroughly contemporary comfort. Here, the culinary focus is on traditional cooking based around seasonal ingredients, with a particular fondness for stews and great respect shown to time-honoured flavours, albeit from a modern perspective. The extensive à la carte is impressively complemented by various daily specials, with an enticing array of fish sourced from nearby auctions, and “large plate” options perfect for sharing. Several gastronomic menus are also available.",55,avg €50-60; tapas under €20 each,thefork / restaurantguru,https://www.google.com/maps/search/?api=1&query=La%20Taverna%20del%20Cl%C3%ADnic%2C%20Rossell%C3%B3%20155%2C%20Barcelona%2C%2008036%2C%20Spain
Barcelona,Leña Barcelona,Selected,,,,,,Meats and Grills,Special occasion,3,"Plaça de Pius XII 4, Barcelona, 08028, Spain",+34 930 47 59 90,,,https://guide.michelin.com/en/catalunya/barcelona/restaurant/lena-barcelona,https://lenarestaurants.com/es/barcelona/,Michelin,"This glamorous restaurant, part of the dining options available at the Grand Hyatt Barcelona, bears the hallmark of chef Dani García and follows the aesthetic look established by his brothers in Madrid, Marbella and Dubai. This spacious restaurant, with its elegant, urban steakhouse philosophy, combines the usual presence on the menu of its famous “yakipinchos” and premium red meats (different cuts and periods of aging) with other more local dishes, such as Butifarra de Perol croquettes, and vegetable-based specialities including delicious grilled avocado from Malaga. A live DJ makes an appearance on some evenings, along with a brunch at the weekend. You also have the option of taking home your own personalised knife!",70,€70 pp grill menu; midday steak+fries €45; Experiencia Fuego €110 pp,lenarestaurants.com / thefork,https://www.google.com/maps/search/?api=1&query=Le%C3%B1a%20Barcelona%2C%20Pla%C3%A7a%20de%20Pius%20XII%204%2C%20Barcelona%2C%2008028%2C%20Spain
Barcelona,Nairod,Selected,,1 Sol,,,,Farm to table,A moderate spend,2,"Aribau 141, Barcelona, 08036, Spain",+34 938 08 92 60,,,https://guide.michelin.com/en/catalunya/barcelona/restaurant/nairod,https://www.restaurantenairod.com/,Michelin; Guia Repsol,"Located in the heart of the city’s Eixample district, Nairod exudes personality everywhere you look, which doesn’t come as a surprise given that David Rustarazo (better known as Rusti) is at the helm – a self-made chef whose success is down to hard work and experience gained abroad. In this intimate, contemporary setting with a bistro vibe, you'll find market-fresh cuisine where flavour reigns supreme, with an increasing focus on fish and incredible game dishes in season (hare, venison, partridge and, in particular, pigeon). Fun fact: The name of the restaurant is an ode to the chef’s son, Dorian, but spelled backwards!",65,tasting €65; short menu €57; avg €65,thefork / restaurantguru,https://www.google.com/maps/search/?api=1&query=Nairod%2C%20Aribau%20141%2C%20Barcelona%2C%2008036%2C%20Spain
Barcelona,Nectari,Selected,,1 Sol,,,,Modern Cuisine,Special occasion,3,"València 28, Barcelona, 08015, Spain",+34 932 26 87 18,,,https://guide.michelin.com/en/catalunya/barcelona/restaurant/nectari,https://nectari.es/,Michelin; Guia Repsol,"Chef Jordi Esteve dresses his signature cuisine with the enriching nuances provided by local raw ingredients, and it's no coincidence that he works very closely with small producers! The tasty offer of this centrally located restaurant, with a neighbourhood atmosphere, is based on seasonal products and, although it has an à la carte menu, it always shines especially in its tasting menu (which can be enriched with a wine pairing). You'll find interesting combinations, such as their foie gras and eel or the appetising topinambur cream with prawns and seasonal mushrooms.",86,tasting €86; lunch menu €39,nectari.es / thefork,https://www.google.com/maps/search/?api=1&query=Nectari%2C%20Val%C3%A8ncia%2028%2C%20Barcelona%2C%2008015%2C%20Spain
Barcelona,Osmosis,Selected,,,,,,Creative,A moderate spend,2,"Aribau 100, Barcelona, 08036, Spain",+34 934 54 52 01,,,https://guide.michelin.com/en/catalunya/barcelona/restaurant/osmosis,https://www.restauranteosmosis.com/,Michelin,"Continuing to gain prominence, this restuarant, with an informal atmosphere and simple setup (there are more tables on the upper floor), is where chef John Ordóñez's imaginative proposal awakens a certain amount of interest, as it plays with surprising aromas and is not lacking in flavour either. He usually uses lots of ingredients, although these are kept well differentiated and without hiding their identity. You can order à la carte or opt for one of various set menus that change according to the number of courses. Don't miss their wonderful desserts!",70,tasting €70 (5c) / €80 (7c); weekday lunch €25-28,thefork / plateselector,https://www.google.com/maps/search/?api=1&query=Osmosis%2C%20Aribau%20100%2C%20Barcelona%2C%2008036%2C%20Spain
Barcelona,Pur,Selected,,1 Sol,,,,Farm to table,Special occasion,3,"Passatge de la Concepció 11, Barcelona, 08008, Spain",+34 931 70 17 70,,,https://guide.michelin.com/en/catalunya/barcelona/restaurant/pur,https://purbarcelona.com/,Michelin; Guia Repsol,"It bears the hallmark of the renowned chef Nandu Jubany and offers a product-based cuisine without artifice, open to the dining room and... in its purest form! What stands out most, both in the à la carte service and in the tasting menu, is the extraordinary quality of the raw ingredients, with grilled, charcoal-grilled and salted dishes... Don't miss the seasonal tomatoes, served with stracciatella cheese and pine nuts, or the now famous grilled marrow with steak tartare (Best Steak Tartare in Spain, 2024). Our recommendation: Sit at the bar for a closer experience and order half portions, so you can try a bit of everything.",130,Essence €129; Menu Especial €198; €100+ pp,purbarcelona.com / thefork,https://www.google.com/maps/search/?api=1&query=Pur%2C%20Passatge%20de%20la%20Concepci%C3%B3%2011%2C%20Barcelona%2C%2008008%2C%20Spain
Barcelona,RíasKru,Selected,,1 Sol,,,yes,Seafood,Special occasion,3,"Lleida 7, Barcelona, 08004, Spain",+34 934 24 81 52,41.374144,2.1545293,https://guide.michelin.com/en/catalunya/barcelona/restaurant/riaskru,https://riaskru.com/,Michelin; Michelin wine list; Guia Repsol,"This somewhat unusual restaurant is a fusion of two dining spaces (including the former RÍas de Galicia and Espai KRU) and two culinary themes on a single menu: classic Galician cooking (featuring superb fish and seafood) and Japanese-inspired cuisine with a focus on raw dishes (the menu also includes caviar-based specialities). We can particularly recommend the smoked anchovies with Manchego cheese, and the delicious Galician goose barnacles from Roncudo en Corme, Laxe, and Cedeira.",90,avg €70; tasting €125; ~€120 pp with wine,thefork / restaurantguru,https://www.google.com/maps/search/?api=1&query=R%C3%ADasKru%2C%20Lleida%207%2C%20Barcelona%2C%2008004%2C%20Spain
Barcelona,Solc,Selected,,,,,,Mediterranean Cuisine,A moderate spend,2,"Paseo de Gràcia 68, Barcelona, 08007, Spain",+34 934 96 77 07,,,https://guide.michelin.com/en/catalunya/barcelona/restaurant/solc,https://www.hotelmajestic.es/,Michelin,"Solc is located on the first floor of the elegant Majestic Hotel & Spa Barcelona, hence the aristocratic air that pervades the entire building. The Mediterranean cuisine in evidence here has a clear Catalan DNA, both on the à la carte and the tasting menu (the latter featuring dishes from the former), and showcases ingredients from the nearby Maresme area, where the restaurant has its own farm which provides much of the produce used here on a daily basis. A hugely popular brunch is also available every Sunday, but given its popularity we definitely recommend booking a table in advance.",50,weekday tasting €35 (+€38 pairing); avg €50; €58 pp,majestichotelgroup.com / thefork,https://www.google.com/maps/search/?api=1&query=Solc%2C%20Paseo%20de%20Gr%C3%A0cia%2068%2C%20Barcelona%2C%2008007%2C%20Spain
Barcelona,Suculent,Selected,,1 Sol,,,,Contemporary,A moderate spend,2,"Rambla del Raval 45, Barcelona, 08001, Spain",+34 934 43 65 79,,,https://guide.michelin.com/en/catalunya/barcelona/restaurant/suculent,https://www.suculent.com/,Michelin; Guia Repsol,"A culinary jewel, right in the heart of the Raval district, where guests have the choice of two contemporary menus (Los Clásicos and Suculent), both with fresh and casual dishes that, in many cases, are presented as dishes to share (you can try the Catalan-style baby broad beans with butifarra de perol and horseradish or their Beurre blanc beetroot, tarragon oil and smoked eel). There's even a hidden table accessed via the rear of the cold room!",60,avg €45; set menus €70 / €90,thefork / restaurantguru,https://www.google.com/maps/search/?api=1&query=Suculent%2C%20Rambla%20del%20Raval%2045%2C%20Barcelona%2C%2008001%2C%20Spain
Barcelona,Taberna Noroeste,Selected,,,,,,Contemporary,Special occasion,3,"Radas 67, Barcelona, 08004, Spain",+34 931 15 09 11,,,https://guide.michelin.com/en/catalunya/barcelona/restaurant/taberna-noroeste,https://www.tabernanoroeste.com/,Michelin,"If you’re keen to move away from the classic restaurant circuit in Barcelona, head to Poble Sec, a quiet district at the foot of the Montjuic hill, and just a stone’s throw from the legendary Paral·lel avenue. This taberna has just a few tables in the dining room, hence the opportunity to watch the chefs at work in the open kitchen behind the bar. The single surprise menu evolves with the seasons (the fish and seafood are outstanding) with meticulous attention paid to creamy textures and the pairing of ingredients. The name of the restaurant (Northwest in English) is in reference to the origins of owner-chefs Javier and David, as one hails from La Coruña, the other from Salamanca, hence the fusion between Galician, Castilian and Catalan cooking. Guests here are all served at the same time so it’s important to arrive punctually!",80,single surprise tasting menu €80; reports €90-100 pp,thefork / tabernanoroeste.com,https://www.google.com/maps/search/?api=1&query=Taberna%20Noroeste%2C%20Radas%2067%2C%20Barcelona%2C%2008004%2C%20Spain
Barcelona,Ten's,Selected,,,,,,Modern Cuisine,Special occasion,3,"Avenida Marqués de l'Argentera 11, Barcelona, 08003, Spain",+34 933 19 22 22,,,https://guide.michelin.com/en/catalunya/barcelona/restaurant/ten-s,https://tensbarcelona.com/,Michelin,"A minimalist gastro-bar overseen by famous chef Jordi Cruz. Here, where they say they ‘reinterpret classic tapas with creativity, precision and a rebellious touch’, you will find individual tapas, a good number of portions designed for sharing, elaborate desserts... and, of course, a tapas tasting menu called Ten's, which is only served to the whole table and is the perfect option to get a true insight into the cuisine here. One dish that bowled us over was the Japanese-style tiradito with cured gilthead bream, gazpachuelo, grapes, kumquat and seaweed.",40,avg €40; tapas €3.90-8 each; tasting €65,thefork / infobae,https://www.google.com/maps/search/?api=1&query=Ten%27s%2C%20Avenida%20Marqu%C3%A9s%20de%20l%27Argentera%2011%2C%20Barcelona%2C%2008003%2C%20Spain
Barcelona,Tram-Tram,Selected,,1 Sol,,,,Contemporary,Special occasion,3,"Major de Sarrià 121, Barcelona, 08017, Spain",+34 932 04 85 18,,,https://guide.michelin.com/en/catalunya/barcelona/restaurant/tram-tram,https://tram-tram.com/,Michelin; Guia Repsol,"A classically furnished, family-run restaurant with a name inspired by this old form of transport in the city. Enjoy traditional cuisine with a contemporary touch, including the occasional international dish and a tasting menu option. The high quality of ingredients it works with is clearly evident in the fish served here (purchased daily at auction), and dishes such as Galician razor clams with a glaze of Manzanilla sherry (from Sanlúcar) and hazelnuts.",50,tasting €39; festival €70; lunch €30; avg €50,thefork / restaurantguru,https://www.google.com/maps/search/?api=1&query=Tram-Tram%2C%20Major%20de%20Sarri%C3%A0%20121%2C%20Barcelona%2C%2008017%2C%20Spain
Barcelona,Tunateca Balfegó,Selected,,,,,,Fusion,Spare no expense,4,"Avenida Diagonal 439, Barcelona, 08036, Spain",+34 937 97 64 60,,,https://guide.michelin.com/en/catalunya/barcelona/restaurant/tunateca-balfego,https://www.tunatecabalfego.com/,Michelin,"Red tuna is at the heart of everything here! In this highly original restaurant, with a particularly striking ceiling in the main dining room featuring a decor of a school of fish plus some walls adorned with scale-like tiles, there are two à la carte options (one, more Western in taste, where tuna is the main focus, and a second more Asian-inspired menu centred around nigiri, sashimi, uramaki etc) alongside interesting tasting menus (Red and Blu). Occasionally, the restaurant also organises Kaitai experiences where participants can learn first-hand about this time-honoured Japanese fish-slicing technique.",75,avg €55 à la carte; tasting menus €95 / €117,thefork / tunatecabalfego.com,https://www.google.com/maps/search/?api=1&query=Tunateca%20Balfeg%C3%B3%2C%20Avenida%20Diagonal%20439%2C%20Barcelona%2C%2008036%2C%20Spain
Barcelona,Ultramarinos Marín,Selected,,,,,,Farm to table,Special occasion,3,"Balmes 187, Barcelona, 08006, Spain",+34 932 17 65 52,,,https://guide.michelin.com/en/catalunya/barcelona/restaurant/ultramarinos-marin,https://ultramarinosmarin.com/,Michelin,"A somewhat unusual restaurant that has taken over an old bar and converted it into a simple “asador”-style eatery. Interesting options here include “knife and fork” breakfasts, plus a traditional market-inspired à la carte that showcases the full flavours of its ingredients, with fish and meat priced by weight. On the menu you can order half, third and even quarter portions, so it's not a bad idea to let the chef make all the decisions so you can try lots of different dishes.",45,"listed avg €28; fish/meat by weight, reports up to €75 pp",thefork / braise.substack.com,https://www.google.com/maps/search/?api=1&query=Ultramarinos%20Mar%C3%ADn%2C%20Balmes%20187%2C%20Barcelona%2C%2008006%2C%20Spain
Barcelona,Virens,Selected,,,,,,Contemporary,A moderate spend,2,"Gran Via de Les Corts Catalanes 619, Barcelona, 08007, Spain",+34 930 18 74 51,,,https://guide.michelin.com/en/catalunya/barcelona/restaurant/virens,https://www.virensbarcelona.com/,Michelin,"Haven't you tried chef Rodrigo de la Calle's plant-based cuisine yet? At this Barcelona restaurante, which he advises, plant-forward cuisine is taken to a whole new level, with organically grown ingredients taking centre stage and a constant focus on small-scale local suppliers. His personal take on contemporary-Mediterranean cuisine (a few meat, fish and rice dishes also feature) is showcased on the à la carte and his three tasting menus (Gastrobotánica; Tierra y mar; and Experiencia mediterránea).",85,Tierra y Mar tasting €85; seasonal lunch menu cheaper,virensbarcelona.com / thefork,https://www.google.com/maps/search/?api=1&query=Virens%2C%20Gran%20Via%20de%20Les%20Corts%20Catalanes%20619%2C%20Barcelona%2C%2008007%2C%20Spain
Barcelona,Windsor,Selected,,1 Sol,,,yes,Modern Cuisine,Special occasion,3,"Còrsega 286, Barcelona, 08008, Spain",+34 932 37 75 88,41.3948915,2.1572133,https://guide.michelin.com/en/catalunya/barcelona/restaurant/windsor,https://restaurantwindsor.com/,Michelin; Michelin wine list; Guia Repsol,"This restaurant, with its updated classic decor, is enhanced by an exquisite terrace and several dining rooms that allow for different configurations. Contemporary Catalan cuisine including a good choice of set menus.",60,Barcelona Menu €55; Menú Catalunya €69; weekday €42; à la carte ~€70,restaurantwindsor.com / thefork,https://www.google.com/maps/search/?api=1&query=Windsor%2C%20C%C3%B2rsega%20286%2C%20Barcelona%2C%2008008%2C%20Spain
Barcelona,Xavier Pellicer,Selected,,2 Soles,,,,Creative,Special occasion,3,"Provença 310, Barcelona, 08037, Spain",+34 935 25 90 02,,,https://guide.michelin.com/en/catalunya/barcelona/restaurant/xavier-pellicer,https://www.xavierpellicer.com/,Michelin; Guia Repsol,"In this centrally located restaurant just a few metres from the city’s emblematic La Pedrera-Casa Milà building designed by Gaudí, the focus is on “healthy” cuisine that is centred around seasonal vegetables and the sourcing of its ingredients exclusively from small-scale local producers. The backdrop is an elegant interior with a rustic simplicity that includes a modern dining room with an industrial vibe and a completely open kitchen behind the bar counter, enabling guests to interact with the chefs (there’s also another more multi-functional dining room called El Menjador designed for private events). You will find à la carte service (only at lunchtime, Wednesday through Sunday) and two tasting options (one with 5 courses, the other 8), each featuring three different options: vegan, vegetarian and omnivore. The interesting wine list includes lots of little-known labels.",85,tasting €79; 5-course €85; 8-course €105,xavierpellicer.com / thefork,https://www.google.com/maps/search/?api=1&query=Xavier%20Pellicer%2C%20Proven%C3%A7a%20310%2C%20Barcelona%2C%2008037%2C%20Spain
Barcelona,Xerta,Selected,,1 Sol,,,,Creative,Spare no expense,4,"Còrsega 289, Barcelona, 08008, Spain",+34 937 37 90 80,,,https://guide.michelin.com/en/catalunya/barcelona/restaurant/xerta,https://www.xertarestaurant.com/,Michelin; Guia Repsol,"If you’re still unfamiliar with the culinary delights of the Ebro Delta, a visit to this restaurant in Barcelona is a must to savour the flavours of a region that has been declared a World Biosphere Reserve. Accessed via the lobby of the Ohla Eixample hotel, Xerta boasts a contemporary dining room with views of the kitchen. Chef José Guadalupe Couoh Pomol, hailing from Yucatán, is passionate about Mediterranean cuisine and offers expert insight into the specific cuisine of the Ebro Delta, giving us the opportunity to discover its authentic gastronomy (elvers, oysters, rice... 90% of the products come from there) from a creative point of view. What’s on offer? The à la carte menu, which always features an array of delicious rice dishes and showcases seasonal ingredients (sea cucumbers, spot-tail mantis shrimp, blue crab, wild mushrooms, etc.), is complemented by three set menus: Temporada (lunchtime, not available on bank holidays, Tuesday to Friday), Delta and Producto.",80,seasonal lunch €55; regional €80; product €115,xertarestaurant.com / guidavera,https://www.google.com/maps/search/?api=1&query=Xerta%2C%20C%C3%B2rsega%20289%2C%20Barcelona%2C%2008008%2C%20Spain
Barcelona,Al Kostat,,,1 Sol,,,,,,2,,,,,,https://alkostat.cat/,Guia Repsol,,45,avg €35; paella €36; reports up to €100 pp,restaurantguru / guidavera,https://www.google.com/maps/search/?api=1&query=Al%20Kostat%2C%20Barcelona%2C%20Spain
Barcelona,AÜRT,,,2 Soles,,,,,,3,,,,,,https://www.aurtrestaurant.com/,Guia Repsol,,145,"tasting €145 (14-16 courses, incl. tax); older avg €95",aurtrestaurant.com,https://www.google.com/maps/search/?api=1&query=A%C3%9CRT%2C%20Barcelona%2C%20Spain
Barcelona,Brabo,,,1 Sol,,,,,,2,,,,,,https://braborestaurante.com/,Guia Repsol,,105,Experiencia de Brabo 15-course €105 (water+coffee incl.),braborestaurante.com,https://www.google.com/maps/search/?api=1&query=Brabo%2C%20Barcelona%2C%20Spain
Barcelona,Ca l'Isidre,,,1 Sol,,,,,,2,,,,,,https://calisidre.com/,Guia Repsol,,80,avg €75; midweek lunch €40; dinner €80-90 pp; mains €20-35,calisidre.com / foodbarcelona,https://www.google.com/maps/search/?api=1&query=Ca%20l%27Isidre%2C%20Barcelona%2C%20Spain
Barcelona,Carnal Steak House,,,,,92,,,,3,,,,,,https://www.carnalsteakhouse.com/,World's 101 Best Steak,,70,~€70 pp; starters €28-29; Wagyu A5 120g €59,restaurantguru / guidavera,https://www.google.com/maps/search/?api=1&query=Carnal%20Steak%20House%2C%20Barcelona%2C%20Spain
Barcelona,Coure,,,2 Soles,,,,,,3,,,,,,http://restaurantecoure.com/,Guia Repsol,,50,tasting €50-55 (8 courses); seasonal dinner set €35,thefork / foodbarcelona,https://www.google.com/maps/search/?api=1&query=Coure%2C%20Barcelona%2C%20Spain
Barcelona,Els Pescadors,,,1 Sol,,,,,,2,,,,,,https://elspescadors.com/,Guia Repsol,,60,avg €50-60; more than €50 band,elspescadors.com / restaurantguru,https://www.google.com/maps/search/?api=1&query=Els%20Pescadors%2C%20Barcelona%2C%20Spain
Barcelona,Espacio UMA,,,1 Sol,,,,,,2,,,,,,https://espaciouma.com/,Guia Repsol,,125,UMA Classic €125 (€140 chef's table); Grand Gourmet €186; pairings €68/€98,espaciouma.com,https://www.google.com/maps/search/?api=1&query=Espacio%20UMA%2C%20Barcelona%2C%20Spain
Barcelona,Granja Elena,,,1 Sol,,,,,,2,,,,,,http://www.granjaelena.com/,Guia Repsol,,55,avg €50; €60-70 pp reported; truffle scrambled eggs €29,restaurantguru / bcnrestaurantes,https://www.google.com/maps/search/?api=1&query=Granja%20Elena%2C%20Barcelona%2C%20Spain
Barcelona,Gresca,,,2 Soles,,,,,,3,,,,,,https://www.gresca.rest/,Guia Repsol,,50,avg €42; tasting €45.70; à la carte €50-75 pp,gresca.rest / guidavera,https://www.google.com/maps/search/?api=1&query=Gresca%2C%20Barcelona%2C%20Spain
Barcelona,Jardín del Alma,,,1 Sol,,,,,,2,,,,,,https://almahotels.com/barcelona/en/restaurant-alma-with-garden/,Guia Repsol,,40,avg €30; dinner menu €65,almahotels.com / thefork,https://www.google.com/maps/search/?api=1&query=Jard%C3%ADn%20del%20Alma%2C%20Barcelona%2C%20Spain
Barcelona,Olivos Comida y Vinos,,,1 Sol,,,,,,2,,,,,,https://olivoscomidayvinos.com/,Guia Repsol,,100,"market menu €90; ""Inspiration"" €100-110",olivoscomidayvinos.com,https://www.google.com/maps/search/?api=1&query=Olivos%20Comida%20y%20Vinos%2C%20Barcelona%2C%20Spain
Barcelona,Petit Comité Gaig,,,1 Sol,,,,,,2,,,,,,https://petitcomite.cat/,Guia Repsol,,70,"avg €70; à la carte or ""Gran Ágape"" set menu",petitcomite.cat / aldente,https://www.google.com/maps/search/?api=1&query=Petit%20Comit%C3%A9%20Gaig%2C%20Barcelona%2C%20Spain
Barcelona,Roig Robí,,,1 Sol,,,,,,2,,,,,,https://www.roigrobi.com/,Guia Repsol,,68,avg €60-75; set menu €68,thefork / guidavera,https://www.google.com/maps/search/?api=1&query=Roig%20Rob%C3%AD%2C%20Barcelona%2C%20Spain
Barcelona,Sato i Tanaka,,,1 Sol,,,,,,2,,,,,,https://www.satotanaka.com/,Guia Repsol,,50,omakase €45-55; lunch €29 (short) / €35 (long),restaurantguru / foodieinbarcelona,https://www.google.com/maps/search/?api=1&query=Sato%20i%20Tanaka%2C%20Barcelona%2C%20Spain
Barcelona,Xemei,,,1 Sol,,,,,,2,,,,,,https://www.xemei.es/,Guia Repsol,,45,avg €40; ~€50 pp with wine; lunch €20-30,restaurantguru / timeout,https://www.google.com/maps/search/?api=1&query=Xemei%2C%20Barcelona%2C%20Spain
Lisbon,Canalha,Bib Gourmand,,,,,,Farm to table,A moderate spend,2,"Rua da Junqueira 207, Lisbon, 1300-338, Portugal",+351 962 152 742,,,https://guide.michelin.com/en/lisboa-region/lisboa/restaurant/canalha,https://www.canalha.pt/,Michelin,"Chef João Rodrigues’s concept, located in a residential area, harks back to the neighbourhood restaurants of the past, yet retains the essence of a bistro. Sitting at the counter and watching the kitchen bustle contributes to a relaxed and vibrant atmosphere. Here, the focus is on the products — displayed in a showcase at the entrance — prepared simply, offered at accessible prices, and presented in a sharing format. A blackboard displays the daily lunch specials and, in addition, an appealing menu. Whether it’s the succulent open prawn omelette with onion, the iconic squid dish with sheep’s butter, or the simple yet authentic peach served with eggnog and creamy pistachio ice cream, one thing is certain — it does not disappoint!",35,avg €35; Michelin €€; blackboard daily specials,thefork / michelin,https://www.google.com/maps/search/?api=1&query=Canalha%2C%20Rua%20da%20Junqueira%20207%2C%20Lisbon%2C%201300-338%2C%20Portugal
Lisbon,Carnal,Bib Gourmand,,,,,,Mexican,A moderate spend,2,"Rua da Misericordia 78, Lisbon, 1200 273, Portugal",+351 913 463 232,,,https://guide.michelin.com/en/lisboa-region/lisboa/restaurant/carnal-1200315,https://www.carnal.pt/,Michelin,"(Provisionally, services are being provided at Largo da Trindade, 9) This lively, centrally located restaurant quickly gained popularity for being owned by the well-known Chef Ljubomir Stanisic (head of the 100 Maneiras group). It describes itself as a Mexican gastrobar and is one of those casual places that entices your taste buds. The dishes, generally quite well-balanced, are designed for a modern and informal ambience, with subtle nods to Mexican culture, striking the right harmony of flavour and heat in each creation. On the menu, featuring typical antojitos, tostadas, gringas and the famous tacos (don’t miss the tacos al pastor or the cauliflower tacos), you’ll also find bolder or more daring options like guacamole with insects or chicharrón (both dishes include larvae and crickets). Be sure to try one of their tequila cocktails!",45,Michelin €€; reports €50+ pp dinner,thefork / michelin,https://www.google.com/maps/search/?api=1&query=Carnal%2C%20Rua%20da%20Misericordia%2078%2C%20Lisbon%2C%201200%20273%2C%20Portugal
Lisbon,Ofício - Wine & Dining Room,Bib Gourmand,,,,,,Traditional Cuisine,A moderate spend,2,"Rua Nova da Trindade 11, Lisbon, 1200-301, Portugal",+351 910 456 440,,,https://guide.michelin.com/en/lisboa-region/lisboa/restaurant/oficio,https://www.paradigma.pt/venues/oficio-lisboa,Michelin,"This restaurant, located in the heart of Chiado and close to the Jesuit church of São Roque, was born under the philosophy of a contemporary taberna (tavern), however… it is now taking a new path! The starting point is the recreation of Portuguese recipes in the light of current knowledge, always respecting the product and its origins, but without setting limits. The chef at the helm, Maurício Varela, champions a fluid proposal that seeks balance between cold and hot cooking, with constant references to the memory of Portuguese cuisine, spanning from traditional churrasco (barbecue) to conservas (preserves), as well as escabeches and smoked preparations. For them, in pursuit of a living offering, proximity and freshness of raw materials are fundamental to the creative process.",45,sharing plates €10-18; ~€90 pp with wine,thefork / portugalconfidential,https://www.google.com/maps/search/?api=1&query=Of%C3%ADcio%20-%20Wine%20%26%20Dining%20Room%2C%20Rua%20Nova%20da%20Trindade%2011%2C%20Lisbon%2C%201200-301%2C%20Portugal
Lisbon,Pigmeu,Bib Gourmand,,,,,,Portuguese,A moderate spend,2,"Rua do 4 De Infantaria 68, Lisbon, 1350-274, Portugal",+351 21 825 2990,,,https://guide.michelin.com/en/lisboa-region/lisboa/restaurant/pigmeu,https://www.pigmeu.pt/,Michelin,"A few metres north of the leafy Jardim da Parada, in Lisbon’s Campo de Ourique district, there is a very simple restaurant where… the cooking and character matter far more than comfort! Everything revolves around pork (which partly explains the name of the place), a product that Chef Miguel Azevedo Peres and his executive chef Alexandre Ballarin uses in its entirety, from snout to tail. On the menu, you will find the house classics, such as Torresmo do Rissol (crispy pork crackling), Croquetes do Pigmeu (Pigmeu croquettes), and the popular Bifana Porcalhona (a hearty pork sandwich), along with some delicious offal dishes that you simply must try.",42,€40-45 pp; set lunch €17; small plates from €4.80,michelin / enprimeurclub,https://www.google.com/maps/search/?api=1&query=Pigmeu%2C%20Rua%20do%204%20De%20Infantaria%2068%2C%20Lisbon%2C%201350-274%2C%20Portugal
Lisbon,Zunzum Gastrobar,Bib Gourmand,,,,,,Contemporary,A moderate spend,2,"Avenida Infante D. Henrique. Doca do Jardim do Tabaco, Lisbon, 1100-651, Portugal",+351 915 507 870,,,https://guide.michelin.com/en/lisboa-region/lisboa/restaurant/zunzum-gastrobar,https://www.zunzum.pt/,Michelin,"In this elegant restaurant full of light, set in a modern, fully glazed building near the Lisbon Cruise Terminal (opposite the intriguing Museu do Lactário), the famous Chef Marlene Vieira makes a case for a top-notch contemporary concept, always grounded in the traditional Portuguese culinary repertoire, yet open to inspiration from other cuisines around the globe. It is surprising both due to its interior décor, dominated by white and red tones, and its pleasant terrace overlooking the Tagus. Interesting dishes? Algarve pink prawns with seaweed and lemon butter; Alentejo pork chop with fried polenta and roasted pepper ketchup; creamy shellfish and coriander rice...",45,avg €45,thefork / zunzum.pt,https://www.google.com/maps/search/?api=1&query=Zunzum%20Gastrobar%2C%20Avenida%20Infante%20D.%20Henrique.%20Doca%20do%20Jardim%20do%20Tabaco%2C%20Lisbon%2C%201100-651%2C%20Portugal
Lisbon,100 Maneiras,Selected,,,,,,Creative,Spare no expense,4,"Rua do Teixeira 39, Lisbon, 1200-459, Portugal",+351 910 918 181,,,https://guide.michelin.com/en/lisboa-region/lisboa/restaurant/100-maneiras,https://www.100maneiras.com/,Michelin,"The culinary concept behind 100 Maneiras is one of absolute freedom – one that constantly takes risks and seeks to provoke a strong reaction and to leave a lasting mark with guests, often via ingredients referred to as ""from the future"" or that are little known.Everything here revolves around chef Ljubomir Stanisic, a native of Sarajevo (Bosnia-Herzegovina), who arrived in Portugal in his late-teens following the war in his country, healing the wounds of his soul by devoting himself to cooking. His different tasting menus The Story, Echoes of 100 (vegetarian) and Lunch Short Story (served exclusively for lunch on Fridays and Saturdays), are based around innovative cuisine with a constant nod (both physical and emotional) to his origins, although influences from his adopted homeland and further afield are also evident. His more traditional starters and desserts also have an interesting twist given that he used to make these with his mother!",160,"The Story 17 moments €160; ""Short Story"" €130; vegetarian ""Echoes of 100"" €125",100maneiras.com / theworlds50best,https://www.google.com/maps/search/?api=1&query=100%20Maneiras%2C%20Rua%20do%20Teixeira%2039%2C%20Lisbon%2C%201200-459%2C%20Portugal
Lisbon,BAHR,Selected,,,,,,Portuguese,Special occasion,3,"Praça Luís De Camões 2, Lisbon, 1200-243, Portugal",+351 21 340 8253,,,https://guide.michelin.com/en/lisboa-region/lisboa/restaurant/bahr,https://www.bahr.pt/,Michelin,"Located on the top floor of the Bairro Alto Hotel (hence the origin of its name) and featuring a kitchen that opens onto the dining room, BAHR describes itself as a “bohemian and irreverent space”. At lunchtime it offers a much more informal market-inspired “executive menu”, with more elaborate, exclusively à la carte dishes in the evening, but all featuring the very best ingredients.",55,"Michelin €€€; evening à la carte; informal lunch ""executive menu"" (items €15-18.50)",bahr.pt / michelin,https://www.google.com/maps/search/?api=1&query=BAHR%2C%20Pra%C3%A7a%20Lu%C3%ADs%20De%20Cam%C3%B5es%202%2C%20Lisbon%2C%201200-243%2C%20Portugal
Lisbon,JNĉQUOI Fish,Selected,,,,,,Seafood,Spare no expense,4,"Av. da Liberdade, 189, Lisbon, 1250-096, Portugal",+351 21 593 1000,,,https://guide.michelin.com/en/lisboa-region/lisboa/restaurant/jncquoi-fish,https://www.jncquoihouse.com/en/food-drinks/jncquoi-fish/32/,Michelin,"It is located in the small, luxurious JNĉQUOI House hotel and shares its address with the more gastronomic proposal of the award-winning chef Filipe Carvalho, JNĉQUOI Table, both led by him. As the name suggests, the proposal revolves around the maritime world and backs a broad variety of fish and seafood, displayed as soon as you enter in an appealing showcase. In a spacious Mediterranean-styled setting with a glass-walled kitchen at the back, where you can watch the sizeable team in action, the offering is exclusively à la carte and includes grilled options, salt-baked dishes, and wood-fired preparations… Dishes not to miss? Carabineiro (scarlet prawn) with creamy lemon rice, his Fatiado de peixe (sliced fish) with caviar, ginger and fine herbs, and, for dessert, Pão de leite no forno (oven-baked milk bread) with crème anglaise and cream cheese.",69,"avg €69; à la carte only, fish by weight",thefork / michelin,https://www.google.com/maps/search/?api=1&query=JN%C4%89QUOI%20Fish%2C%20Av.%20da%20Liberdade%2C%20189%2C%20Lisbon%2C%201250-096%2C%20Portugal
Lisbon,O Frade,Selected,,,,,,Regional Cuisine,A moderate spend,2,"Calçada da Ajuda 14, Lisbon, 1300-006, Portugal",+351 939 482 939,,,https://guide.michelin.com/en/lisboa-region/lisboa/restaurant/o-frade,https://fraderestaurante.com/,Michelin,"This small corner establishment, located by the impressive Museu Nacional dos Coches (with royal carriages from the 16th to 19th centuries), is certainly charming, as it recreates something of the typical atmosphere of Alentejo taverns, with simple decorative details alluding to the process of making the famous “vinho da talha,” a historical wine produced in large clay amphorae following Roman tradition, now a regional classic. Inside, with a U-shaped counter surrounded by stools, they offer a small menu of traditional Alentejo dishes, such as razor clams in a garlic and wine sauce (à bulhão pato) or Frade-style duck rice — many dishes are prepared by the chef right before your eyes!",32,avg €25-35; small Alentejo menu,thefork / mesprestiges,https://www.google.com/maps/search/?api=1&query=O%20Frade%2C%20Cal%C3%A7ada%20da%20Ajuda%2014%2C%20Lisbon%2C%201300-006%2C%20Portugal
Lisbon,O Talho,Selected,,,,,,Meats and Grills,Special occasion,3,"Rua Carlos Testa 1, Lisbon, 1050-046, Portugal",+351 21 315 4105,,,https://guide.michelin.com/en/lisboa-region/lisboa/restaurant/o-talho,https://www.otalho.pt/,Michelin,"Entering a restaurant through a butcher’s shop (“talho” in Portuguese) provides a clue as to the focus here and is a guarantee that the meat quality will be high and that it comes directly from the source! And it is in this modern yet at the same time informal space that chef Kiko offers his unique cuisine to guests through superb dishes prepared in an exceptional way. Meat-lovers can savour irresistible choices such as picanha from Uruguay, Galician 60-day dry aged T-bone, and A5 Kobe flank, considered one of the world’s best cuts of meat. Meat can also be purchased to be cooked at home.",55,"Michelin €€€; tartare €29.80, oxtail €31.20, croquettes €9.80",otalho.com / tripadvisor,https://www.google.com/maps/search/?api=1&query=O%20Talho%2C%20Rua%20Carlos%20Testa%201%2C%20Lisbon%2C%201050-046%2C%20Portugal
Lisbon,Plano,Selected,,,,,,Contemporary,Special occasion,3,"Rua da Bela Vista à Graça 126, Lisbon, 1170-075, Portugal",+351 933 404 461,,,https://guide.michelin.com/en/lisboa-region/lisboa/restaurant/plano,https://www.planorestaurante.com/,Michelin,"Chef Vítor Adão, from Trás-os-Montes, has roots firmly anchored in tradition and the provenance of his produce. After stints at renowned restaurants, he opened his own place in a less touristy area, showcasing the heritage of his homeland in dishes such as snacks served on a map referencing the different Trás-os-Montes regions and Javali, wild boar, with cauliflower purée, cooking juices and blackberries. The offering is built around two surprise tasting menus (7 or 10 moments), which vary according to producers’ availability. In a minimalist, elegant setting with vaulted ceilings and exposed brick, the dining room shares space with countless jars of pickles that reinforce the connection to the land. A lovely terrace invites you to dine outdoors, especially on summer evenings!",95,Menu Origens (7 moments) €95; 10-moment menu higher,planorestaurante.com / thefork,https://www.google.com/maps/search/?api=1&query=Plano%2C%20Rua%20da%20Bela%20Vista%20%C3%A0%20Gra%C3%A7a%20126%2C%20Lisbon%2C%201170-075%2C%20Portugal
Lisbon,Santa Joana,Selected,,,,,,Contemporary,A moderate spend,2,"Rua de Santa Marta 61B, Lisbon, 1059-002, Portugal",+351 21 155 5582,,,https://guide.michelin.com/en/lisboa-region/lisboa/restaurant/santa-joana,https://www.santajoanalisboa.com/,Michelin,"Inside the Locke de Santa Joana hotel, a 17th-century convent that now blends past and present, you will find a restaurant you simply must visit, with premises full of personality. The menu, signed by chef Nuno Mendes, seeks to honour the city’s distinct cultural influences in order to tell stories with soul, both of yesterday and of today; always, however, with a contemporary touch and international nuances that speak of the cook’s journey. A recommendation? Try his Berbigão da costa (coastal cockles), caldo Bulhão-Pato (Bulhão Pato broth), croutons and sea herbs, because… it comes with a sauce that is truly addictive!",38,avg €38; sharing format,thefork / michelin,https://www.google.com/maps/search/?api=1&query=Santa%20Joana%2C%20Rua%20de%20Santa%20Marta%2061B%2C%20Lisbon%2C%201059-002%2C%20Portugal
Lisbon,Suba,Selected,,,,,,Contemporary,Special occasion,3,"Tv. da Portuguesa 53, Lisbon, 1200-401, Portugal",+351 21 157 3055,,,https://guide.michelin.com/en/lisboa-region/lisboa/restaurant/suba,https://www.subarestaurante.com/,Michelin,"It is installed on the ground floor with an entrance independent from the luxurious hotel Verride Palácio de Santa Catarina — an elegant eighteenth‑century palace. At the head of the kitchen is chef Fábio Alves, from Trás‑os‑Montes, who seeks to recall recipes from his native region through authentic flavours and aromas — as in the starters served in a glass box, with small snacks of Alheira (smoked bread‑and‑meat sausage), bacalhau (salt‑cod), tomato, broa (cornbread), folar (Easter loaf) and azeitona (olive). However, the menu does not forget dishes from the rest of the country, nor the magnificent fish from the Portuguese coast, such as the appealing course comprising Atlantic fish, millet and razor clam. The offering, presented with a modern touch, is composed of three tasting menus (Full Experience, 5 or 4 courses) and a reduced à la carte menu with vegetarian options. At the end, go up to the incredible panoramic terrace and enjoy 360º views over the beautiful city of Lisbon. But note if you wish to go as a family, as only children aged 12 and over are accepted!",95,"4-course €80; 5-course and 8-course ""Full Experience"" higher",verridesc.pt / thefork,https://www.google.com/maps/search/?api=1&query=Suba%2C%20Tv.%20da%20Portuguesa%2053%2C%20Lisbon%2C%201200-401%2C%20Portugal
Lisbon,Terroir,Selected,,,,,,Modern Cuisine,Special occasion,3,"Rua da Madalena, 271, Lisbon, 1100-321, Portugal",+351 926 312 647,,,https://guide.michelin.com/en/lisboa-region/lisboa/restaurant/terroir,https://www.terroirrestaurante.com/,Michelin,"Now at a new address, within the Madalena Beautique Hotel and just a few metres from several of the city’s tourist spots, this restaurant reasserts the character of Portuguese cooking enriched with subtle international touches. The kitchen, led by chef Guilherme Sousa, who has worked with teams at renowned restaurants in Portugal such as Fifty Seconds, Fortaleza do Guincho and Ocean, bases its concept on seasonal produce and memories of his childhood. Here, the offering comes as two surprise tasting menus (5 or 8 moments), both also available in a vegetarian version.",95,5 moments €95; 8 moments €115; lunch menu €27.50; pairings €55/€75,terroirrestaurante.com / publico.pt,https://www.google.com/maps/search/?api=1&query=Terroir%2C%20Rua%20da%20Madalena%2C%20271%2C%20Lisbon%2C%201100-321%2C%20Portugal
Porto,OMA,Bib Gourmand,,,,,,Contemporary,A moderate spend,2,"Rua De Oliveira Monteiro, 183, Porto, 4050-442, Portugal",+351 912 000 099,,,https://guide.michelin.com/en/porto-region/porto/restaurant/oma-1203846,https://omarestaurante.pt/,Michelin,"This establishment is run by Chef Luís Moreira and his partner, Ana Silveira, who recently left a small village to venture into urban life in Porto — and there is no doubt they have been warmly welcomed. They both aim to share their experiences in the different cities where they have lived, including Germany (hence the name of the restaurant, meaning “grandmother” in German). The chef offers a style of cooking that blends local produce with modern techniques, imparting a personal flair. Here, a journey of flavours is guaranteed, beginning with Asia (a destination the chef hopes to explore) via one of the appetisers: a Chawanmushi with tuna and dashi. It then heads to Portugal, featuring National beef sirloin with roasted aubergine, bomba rice and wild mushrooms, and concludes in the Azores, with a dessert of pineapple, pink peppercorns and mascarpone.",70,"tasting €60-87 (""Viagem IDA e volta"" €87); executive lunch €16; pairing €40",thefork / michelin,https://www.google.com/maps/search/?api=1&query=OMA%2C%20Rua%20De%20Oliveira%20Monteiro%2C%20183%2C%20Porto%2C%204050-442%2C%20Portugal
Porto,Pátio 44,Bib Gourmand,,,,,,Traditional Cuisine,On a budget,1,"Passeio De São Lázaro, 44, Porto, 4000 508, Portugal",+351 910 524 754,,,https://guide.michelin.com/en/porto-region/porto/restaurant/patio-44,,Michelin,"A restaurant that pleasantly surprises, both for the skill and quality of its produce and for its unassuming façade. This venture, conceived by three friends who crossed paths behind the scenes during a previous project, is led by chef Simão Soares in the kitchen and focuses on traditional Portuguese cuisine, enriched with modern techniques and unique flavours. In a space that reflects the philosophy – simple, welcoming and unpretentious – a concise yet distinctive menu is presented, featuring standout dishes such as sweet potato with beetroot, beef liver served with potato mille-feuille, and the delicate rum and sultana dessert. The venue also features an outdoor terrace, perfect for sunny days and for enjoying one of the creative cocktails on offer!",27,avg €25-30; Michelin single-€ tier,thefork / enprimeurclub,https://www.google.com/maps/search/?api=1&query=P%C3%A1tio%2044%2C%20Passeio%20De%20S%C3%A3o%20L%C3%A1zaro%2C%2044%2C%20Porto%2C%204000%20508%2C%20Portugal
Porto,Almeja,Selected,,,,,,Contemporary,A moderate spend,2,"Rua Fernandes Tomás 819, Porto, 4000-219, Portugal",+351 22 203 8120,,,https://guide.michelin.com/en/porto-region/porto/restaurant/almeja,https://www.almejaporto.com/,Michelin,"It’s housed in a building that used to be a traditional coffee and tea shop on the outskirts of Bolhão (the place that gives its name to one of its executive menus). Chef João Cura, after gaining experience in prestigious restaurants in Spain, decided to embark on his own project alongside his wife, Sofia Amaral — who runs the dining room. The concept is grounded in seasonal cuisine and, before designing the menu, the freshest products are selected from local producers. Originality and flavour abound in the chef’s signature creations, which can be enjoyed as a 10-course tasting menu, the Bolhão and Trindade menus (available only on weekdays), or à la carte options. Enjoy the experience in the garden — it’s charming!",50,10-course tasting ~€55; avg €45; weekday Bolhão/Trindade menus cheaper,thefork / portugalconfidential,https://www.google.com/maps/search/?api=1&query=Almeja%2C%20Rua%20Fernandes%20Tom%C3%A1s%20819%2C%20Porto%2C%204000-219%2C%20Portugal
Porto,Apego,Selected,,,,,,Creative,A moderate spend,2,"Rua de Santa Catarina 1198, Porto, 4000-457, Portugal",+351 937 172 342,,,https://guide.michelin.com/en/porto-region/porto/restaurant/apego,https://apegorestaurante.com/,Michelin,"Allow yourself to be won over by this small bistro, a little away from the city centre yet with a welcoming atmosphere, endowed with special charm and singular décor. Here, the talented Chef Aurora Goy pays homage to her Luso-French roots and explores unique flavours through refined techniques, enhancing both taste and presentation. The offering comprises two tasting menus, Apego (“Attachment”) – 5 courses – and Desapego (“Detachment”) – 7 courses – essentially based on vegetables from local producers. A recommendation? Add to your experience the hake ravioli, prawn crudo, miso aubergine and bisque, and the 70 % Costa Rican chocolate with yuzu, kumquat and bacon ice cream… you certainly won’t regret it!",75,"Apego 5-course €65; ""Desapego"" 7-course €90; pairing €35; avg €80",apegorestaurante.com / thefork,https://www.google.com/maps/search/?api=1&query=Apego%2C%20Rua%20de%20Santa%20Catarina%201198%2C%20Porto%2C%204000-457%2C%20Portugal
Porto,Atrevo,Selected,,,,,,Contemporary,A moderate spend,2,"Rua de Morgado de Mateus 51, Porto, 4000-334, Portugal",+351 934 214 652,,,https://guide.michelin.com/en/porto-region/porto/restaurant/atrevo,https://atrevorestaurante.com/,Michelin,"The name says almost everything; however, if you still have doubts, there is nothing better to clarify its philosophy than the words of chef Rita Magro herself, who leads the project: “Nothing is too bold for those who dare to try everything”. Indeed, after being recognised with the MICHELIN Young Chef Award 2024 (when she was chef Vítor Matos’s right-hand at Blind), we see that… Rita Magro is now flying solo! The venue, rather compact, unfolds across three clearly distinct spaces: a front room with a support counter, a small room at the back and, lastly, the kitchen, fitted with a Japanese-style counter where you can also sit to watch her work up close. The offering, with à la carte service (we really enjoyed her Cachaço de bacalhau (salt-cod collar), açorda (bread-and-garlic mash, tomato, yolk & coriander) and a tasting menu (Atrevido, with 6 courses ), is the work of a contemporary kitchen that exalts Portugal’s culinary essence while incorporating a few fusion touches.",55,Menu Atrevido 6-course €65; à la carte avg €35,thefork / michelin,https://www.google.com/maps/search/?api=1&query=Atrevo%2C%20Rua%20de%20Morgado%20de%20Mateus%2051%2C%20Porto%2C%204000-334%2C%20Portugal
Porto,Bistrô Severo,Selected,,,,,,Traditional Cuisine,A moderate spend,2,"Rua De Ricardo Severo 141, Porto, 4050-515, Portugal",+351 22 967 7000,,,https://guide.michelin.com/en/porto-region/porto/restaurant/bistro-severo,https://www.palacetesevero.com/,Michelin,"If you are seeking a small oasis of tranquillity in the city for a meal, there is an excellent option at Palacete Severo, a welcoming boutique hotel that houses both this restaurant and the gastronomic Éon. Taken together, it reflects chef Tiago Bonito’s more informal proposal, set in a pleasant interior courtyard with a panoramic glass roof, walls beautifully decorated with Portuguese tiles and a lovely fountain to one side. The proposal, which champions traditional cooking with dishes such as Amêijoas à “Bulhão Pato” (clams in a garlic-and-coriander sauce) or Paletilha de cordeiro de leite (suckling lamb shank), is complemented by an enticing executive lunch menu (you may choose between 2 or 3 courses).",45,NO PRICE PUBLISHED - estimated from Michelin €€ band; 2 or 3-course executive lunch,ESTIMATE (michelin / palacetesevero.com),https://www.google.com/maps/search/?api=1&query=Bistr%C3%B4%20Severo%2C%20Rua%20De%20Ricardo%20Severo%20141%2C%20Porto%2C%204050-515%2C%20Portugal
Porto,Camilo,Selected,,,,,,Contemporary,Special occasion,3,"Rua do Almada, 378, Porto, 4050-033, Portugal",+351 915 299 442,,,https://guide.michelin.com/en/porto-region/porto/restaurant/camilo,https://restaurante-camilo.pt/pt/home,Michelin,"This building was the backdrop to one of the most emblematic novels of Portuguese literature, as it was here that the writer Camilo Castelo Branco would meet his beloved Ana Plácido. In this establishment, spread over two storeys and with an open kitchen visible from the entrance, chef Diogo Coimbra presents contemporary cuisine with international influences, devised from national produce and placing fire and embers centre stage. Its concise menu features specialities such as Peixe curado (cured fish) accompanied by ikura roe and wakame seaweed and the succulent Magre de pato (duck magret) served in various forms according to the season… even with truffle. Alongside each dish on the menu, you will find a wine suggestion to pair with your choice!",45,avg €35; reports €50+ pp dinner; wine by glass €9,restaurante-camilo.pt / thefork,https://www.google.com/maps/search/?api=1&query=Camilo%2C%20Rua%20do%20Almada%2C%20378%2C%20Porto%2C%204050-033%2C%20Portugal
Porto,Cozinha das Flores,Selected,,,,,,Modern Cuisine,Special occasion,3,"Largo São Domingos 62, Porto, 4050-545, Portugal",+351 22 976 0001,,,https://guide.michelin.com/en/porto-region/porto/restaurant/cozinha-das-flores,https://cozinhadasflores.com/,Michelin,"Set within the luxurious boutique hotel The Largo, on the emblematic Largo de São Domingos, this restaurant pays homage to northern flavours, uniting tradition and innovation. With renowned chef Nuno Mendes at the helm, this welcoming space is a true spur to conviviality, thanks to its vibrant, intimate atmosphere around the open kitchen, where fire is the protagonist. From the tables, turned towards this culinary stage, it is possible to follow the preparation of a menu that favours seasonal ingredients, with dishes such as the Pastel de Nata (salgado) [a savoury take on the custard tart] with turnip cream and caviar, the Arroz caldoso do Sado (soupy rice) with blue lobster from Matosinhos—a fine option to share—and the surprising dessert Leite [a milk‑themed dessert], crafted from this ingredient in different textures—extremely light, delicate and packed with flavour!",45,avg €41; 3-course lunch €35,thefork / cozinhadasflores.com,https://www.google.com/maps/search/?api=1&query=Cozinha%20das%20Flores%2C%20Largo%20S%C3%A3o%20Domingos%2062%2C%20Porto%2C%204050-545%2C%20Portugal
Porto,Elemento,Selected,,,,,yes,Modern Cuisine,Special occasion,3,"Rua do Almada 51, Porto, 4050-036, Portugal",+351 22 492 8193,41.1465149,-8.6122347,https://guide.michelin.com/en/porto-region/porto/restaurant/elemento,https://elementoporto.com/,Michelin; Michelin wine list,"Chef Ricardo Dias Ferreira has unashamedly gone back to basics here, cooking exclusively over wood, to such an extent that he rarely uses the grill or oven. With his combination of traditional Portuguese cuisine, smoky flavours and modern touches, he offers à la carte options alongside an “8-moment” tasting menu, and his cuisine varies from day to day depending on the availability of ingredients from small-scale local producers. Allow yourself to be guided by recommendations from the interesting selection of Portuguese wines, and if you’re keen to enjoy the experience to the full, take a seat at the counter in front of the kitchen so you can watch the chefs in action at close quarters.",95,8-moment wood-fire tasting €95,elementoporto.com / thefork,https://www.google.com/maps/search/?api=1&query=Elemento%2C%20Rua%20do%20Almada%2051%2C%20Porto%2C%204050-036%2C%20Portugal
Porto,Fauno,Selected,,,,,,Contemporary,A moderate spend,2,"Rua Estreita de Lóios 5, Porto, 4050-244, Portugal",+351 22 319 5394,,,https://guide.michelin.com/en/porto-region/porto/restaurant/fauno,https://faunorestaurante.pt/,Michelin,"Behind the retro-style green glass doors of this restaurant, set on one of the city’s narrow streets, you will find a unique culinary space, led by brothers Pedro Amorim (sommelier) and Tiago Amorim (chef), who are launching their first joint project here. The cuisine focuses on a single tasting menu, which continually evolves in line with the seasons and the availability of local producers’ ingredients, showcased in dishes characterised by flawless execution and refined taste. For an even more surprising experience, pair each dish with the intriguing wine selection — mostly natural wines!",65,7-course tasting €60-70; lunch €45; pairing €30-40,faunorestaurante.pt / thefork,https://www.google.com/maps/search/?api=1&query=Fauno%2C%20Rua%20Estreita%20de%20L%C3%B3ios%205%2C%20Porto%2C%204050-244%2C%20Portugal
Porto,Liz,Selected,,,,,,Contemporary,A moderate spend,2,"Rua de Mota Pinto 170, Porto, 4100-354, Portugal",+351 22 616 8024,,,https://guide.michelin.com/en/porto-region/porto/restaurant/liz,https://www.restauranteliz.com/,Michelin,"In this cosy bistro-style restaurant, away from the bustle of the city centre, chef Daniel Carvalheira pays homage to his daughter and presents a highly gastronomic proposal, demonstrating a high level of technical mastery. In an intimate space lit by candlelight, the chef offers a tasting menu that blends his Mozambican and Portuguese roots with French cuisine, revealing flavourful dishes and refined presentations. Through a proposal based on seasonal products, delicacies arise such as pink coastal prawns with curry, adorned with crunchy cubes of guanciale and roasted‑lemon paste, monkfish served over a dashi beurre blanc with a creamy broccoli purée and, at the end, a little journey to the Azores archipelago, with pineapple and São Jorge cheese—an elegant, gentle finale!",80,9-moment surprise tasting €75-85; pairing €40,restauranteliz.com / thefork,https://www.google.com/maps/search/?api=1&query=Liz%2C%20Rua%20de%20Mota%20Pinto%20170%2C%20Porto%2C%204100-354%2C%20Portugal
