name,post_office,description,menu,address,phone,hours,page
부광돼지국밥,부산우체국(부산 중구 서구 지역),3대에 걸쳐 40여 년을 영업 중인 전통방식의 부산대표 돼지국밥 맛집,"돼지국밥 \9,000ㅣ수육 \25,000/30,000",부산광역시 중구 대청로 141번길 15-1,051-466-1708,09:30-20:00 일요일 명절휴무,5
다무치아,부산우체국(부산 중구 서구 지역),이탈리안 레스토랑 맛집으로 직접 기른 바질로 만든 바질페스토 파스타가 시그니쳐!,"바질페스토 파스타 \15,000ㅣ감바스&오일파스타 \17,000ㅣ코스요리 \50,000",부산광역시 중구 대청로135번길 13-1 3층,051-908-9007,월-금 11:30-21:00 토 12:00-20:30 일요일 정기휴무,5
기와집,부산우체국(부산 중구 서구 지역),"가정집을 닮은 분위기에 깔끔한 밑반찬, 강렬하진 않지만 진함이 있는 송이버섯 한식집","자연송이불고기(100g) \12,000ㅣ자연송이전골(100g) \10,000",부산광역시 중구 대청로 137번길 7-2,051-466-5550,10:00-21:30 연중무휴,5
강가면옥,부산우체국(부산 중구 서구 지역),냉면과 보쌈정식이 맛있고 가격대비 퀄리티가 훌륭하여 가성비와 맛을 모두잡음!,"물/비빔 냉면 \9,000ㅣ보쌈정식 \10,000",부산광역시 중구 대청로 137번길 11,0507-1456-1266,11:00-15:00 / 16:30-22:00 일요일 명절휴무,5
본전집,부산우체국(부산 중구 서구 지역),오래된 삼겹살 맛집으로 매장이 넓고 직접 담은 김치 등 밑반찬도 맛있는 친절한 맛집!,"생삼겹살 120g \11,000",부산광역시 중구 해관로 82,051-467-3211,월-금 10:00-23:00 토 10:00-21:00 일요일 명절휴무,6
미도리우동,부산우체국(부산 중구 서구 지역),보수동에 위치 저렴한 가격과 깔끔한 맛으로 동네 주민들의 사랑을 받는 맛집!,"돌냄비우동 \6,500ㅣ튀김우동 \6,000ㅣ우동 \5,500ㅣ모밀국수 \6,000",부산광역시 중구 흑교로45번길 10-1,0507-1477-8247,11:00-15:00 일요일 휴무(토요일 유동적 휴무),6
웨이아웃,부산우체국(부산 중구 서구 지역),감각적인 소품들과 향기로은 커피향을 느낄 수 있는 감성 가득 카페,"커피 \2,000~ㅣ스무디 \4,000~",부산광역시 서구 구덕로193번길 8,0507-1457-9660,07:00-18:00 토·일요일 휴무,6
동래할매파전,동래우체국,4대째 이어온 장인의 손맛! 조선시대 동래부사가 임금님께 진상했다는 동래파전,"동래파전 소 \28,000 대 \40,000ㅣ뚜미상 1인 \35,000 뚜기상 1인 \40,000",부산광역시 동래구 명륜로94번길 43-10,051-552-0792,11:30-15:00 17:00-22:00 매주 월요일 화요일 정기휴무,6
수안커피컴퍼니,동래우체국,오롯이 커피만을 위한 시간과 공간! 맛은 물론 바라보는 즐거움까지!,"고메 플레이트 아메리카노 \11,000ㅣ고메 플레이트 라떼 \13,000",부산광역시 동래구 충렬대로256번길 32,,11:00-19:00 18:30 라스트오더,7
동래밀면,동래우체국,부산하면 밀면! BTS도 다녀간 동래의 밀면 맛집!,"밀면 \9,000 비빔밀면 \9,000ㅣ왕만두 \7,000ㅣ들깨손칼국수 \10,000",부산광역시 동래구 명륜로 47,051-552-3092,10:00-24:00,7
영남식육식당 동래점,동래우체국,입에서 살살 녹는 한우의 맛을 느낄 수 있는 질 좋은 고기로 소문난 맛집!,"깍둑등심 110g \40,000ㅣ소금정식 110g \36,000ㅣ양념진갈비 150g \33,000",부산광역시 동래구 명륜로112번가길 51,0507-1332-2228,11:40-15:00 / 16:30-22:30 22:00 라스트오더,7
명륜고려삼계탕,동래우체국,한방재료 액기스로 정성스럽게 만든 보양식 맛집!,"한방삼계탕 \15,000",부산광역시 동래구 동래로79번길 24,051-556-7770,10:30-21:00 일요일 휴무,7
카페유니,동래우체국,브런치 및 디저트 메뉴가 맛있는 분위기 좋은 카페,"커피 \4,000~ㅣ디저트 \5,000~",부산광역시 동래구 동래로 67-2,051-555-8399,11:00-21:00 연중무휴,8
여섯개장,동래우체국,신선한 야채와 좋은 품질의 한우로 만든 든든한 한끼!,"육개장 칼국수 \8,000ㅣ한우 육개장 \12,000",부산광역시 동래구 동래로 63,051-553-6610,10:00-20:00,8
더라이스,동래우체국,첨가물 없는 촉촉하고 부드러운 여러 특별한 메뉴가 있는 쌀 빵 맛집!,"소금빵 \3,000ㅣ쌀샌드위치 \8,900ㅣ비건쌀식빵 \7,200ㅣ꿀찰빵 \2,800ㅣ수제마카롱 \2,500",부산광역시 동래구 동래로79번길 26,070-7576-2345,09:30-19:00 일요일 휴무,8
밀양뚝배기,동래우체국,따뜻한 국물이 생각날 땐 맛있는 국밥에 콩나물이 들어간 밀양뚝배기!,"소머리곰탕 \9,000ㅣ돼지국밥 \8,000",부산광역시 동래구 동래로57번길 7,051-555-8985,10:00-22:00 일요일 휴무,8
수막창닭발,동래우체국,양도 많고 가격도 저렴한 고소한 막창 맛집!,"막창 120g \9,000ㅣ뼈없는불닭발 \15,000",부산광역시 동래구 명안로86번길 7,010-2995-1288,16:00-24:00,9
소문난 손칼국수,동래우체국,명장시장에 위치한 진한 국물이 일품인 칼국수 맛집!,"칼국수 \5,000ㅣ진칼국수 \5,500",부산광역시 동래구 명안로86번길 17,051-524-0419,11:00-19:00 일요일 휴무,9
황령산 보쌈,남부산우체국(부산 남구 수영구 지역),사장님 손맛 가득한 고소 담백 푸짐한 보쌈 맛집!,"보쌈 \29,000 / \37,000 / \45,000",부산광역시 수영구 황령산로8,051-627-1321,화-일 11:30-22:30 월요일 휴무,9
스위스제과,남부산우체국(부산 남구 수영구 지역),광안리 빵천동에서 가장 오래된 맛있는 빵집,"밤식빵 \5,900ㅣ레몬파운드 \3,800ㅣ케익 \29,000~",부산광역시 수영구 광남로 45,051-623-5885,06:30-24:00,9
구름고개카페,남부산우체국(부산 남구 수영구 지역),힐링이 필요할때 찾게되는 황령산에 위치한 뷰가 멋진 카페,"카페라떼 \6,500ㅣ아메리카노 \6,000ㅣ허브티 \6,500",부산광역시 남구 황령산로 260,051-627-8685,11:00-22:30,10
강원도물회,남부산우체국(부산 남구 수영구 지역),신선한 회와 가격을 사로잡은 물회가 맛있는 동네 맛집!,"물회 \16,000ㅣ모듬회 \50,000",부산광역시 남구 못골로 78,051-611-9234,11:00-22:00,10
메그네이트,남부산우체국(부산 남구 수영구 지역),여러나라 아미들이 즐겨찾는 부산의 필수코스 BTS 지민의 아버지가 운영하는 핫플!,"아메리카노 \5,000ㅣ아인슈페너 \7,000ㅣ아몬드크림라떼 \6,500",부산광역시 남구 진남로 135 B동 1층,051-635-5005,10:00-21:50 21:20 라스트오더,10
구자윤 과자점,남부산우체국(부산 남구 수영구 지역),대한민국 제과 제빵의 명인 구자윤 과자점 본점! 생크림 팡도르가 시그니쳐!,"생크림팡도르 ₩6,800ㅣ소금빵 ₩2,000ㅣ단팥빵 ₩2,500",부산광역시 수영구 705번길 15,051-752-4811,08:00-23:00,10
수연이네,부산사상우체국,부드럽고 쫄깃한 문어숙회와 신선한 재료들의 향연 웨이팅 주의!,"문어숙회 \29,000~ㅣ문어튀김 \39,000ㅣ랍스터 코스 2인 \95,000~",부산광역시 사상구 학장로 318-1,051-316-2788,12:00-24:00 일요일 정기휴무,11
호포장어마을,부산사상우체국,고소하고 담백한 장어 한점과 다양한 장아찌로 쌈을 싸서 한입 꿀꺽! 연중 만석!,"민물장어구이 1인분 \32,000ㅣ바다장어구이 1인분 \25,000ㅣ민물장어 곰탕 \14,000",부산광역시 사상구 광장로 28,0507-1372-0737,11:30-15:00 15:30-21:00 일요일 휴무,11
춘하추동,부산사상우체국,푸짐한 양과 넉넉한 인심으로 푸짐하게 썰어주는 싱싱한 횟집!,"모듬회 \40,000~",부산광역시 사상구 사상로202번길 39,051-303-7735,11:00-22:00,11
설화회초밥,부산사상우체국,각종 모임 등 회식하기에도 좋은 깔끔한 회 코스 맛집!,"회 코스 \32,000~",부산광역시 사상구 새벽로 218,051-904-3004,11:30-22:00 일요일 휴무,11
순풍삼계탕,부산사상우체국,한국인의 따뜻한 보양식 몸에 좋은 괘법동 삼계탕 맛집!,"삼계탕 \15,000ㅣ전복삼계탕 \19,000",부산광역시 사상구 사상로181번길 35,0507-1363-6622,10:00-22:00,12
송스베이커리,부산금정우체국,소금빵을 1인당 10개만 판매하며 가성비 미니케이크가 있는 소문난 빵 맛집,"소금빵 \1,800ㅣ미니생크림케이크 \18,000",부산광역시 금정구 수림로 26,051-518-0303,08:00-22:00 명절 당일 휴무,12
유림정,부산금정우체국,회동저수지에 위치한 입안에서 살살 녹는 소고기 맛집!,"한우모듬 150g \28,000ㅣ한우특선 140g \30,500",부산광역시 금정구 상현로79번길 26,051-518-1189,11:00-21:00 유동적 휴무,12
북문국수,부산금정우체국,‘금정산성’하면 떠오르는 촌국수 그 집!,"촌국수 \5,000ㅣ비빔국수 \6,000ㅣ해물파전 \15,000",부산광역시 금정구 북문로 53,051-517-6626,11:00-16:00,12
가마실,부산금정우체국,고소한 맛 가격 대비 퀄리티가 우수한 소고기 맛집!,"차돌박이 100g \14,000ㅣ대패등심 100g \17,000ㅣ특모듬 300g \75,000",부산광역시 금정구 부곡로 94-1 동호빌딩 1층,051-911-7829,11:30-22:30 일요일 휴무,13
따신밥,부산금정우체국,부산대학교 대학로에 위치한 따뜻하고 든든한 돌솥밥 맛집,"돌솥비빔밥 \5,500ㅣ매운닭돌솥밥 \6,000",부산광역시 금정구 부산대학로63번길 19,051-512-7621,11:30-15:00 / 16:30-20:30 토·일요일 휴무,13
국수가,부산금정우체국,가성비 좋은 오래된 가정집 맛 국수집!,"물국수 \5,000ㅣ칼국수 \6,000ㅣ추어탕 \8,000",부산광역시 금정구 수림로20번길 9,051-514-8118,11:00-14:30 / 17:00-20:00 일요일 휴무,13
광식당,부산사하우체국,두툼한 숙성회 신선한 초밥과 바삭한 돈까스! 예약은 필수~,"점심특선 \9,500~ㅣ코스요리 1인 \40,000~",부산광역시 사하구 하신번영로167번길 65 1층,0507-1319-1313,11:00-14:00 17:00-22:00 20:00 라스트오더 일요일 휴무,13
오사카,부산사하우체국,"일본식 라면과 함박스테이크, 고로케에 빠져 재방문하게 만드는 일식당","돈까스카레 \8,500ㅣ함박카레 \8,500ㅣ코로케카레 \7,500ㅣ소유라멘 \7,000",부산광역시 사하구 낙동대로 324번길 2,051-205-8408,11:30-15:00 17:00-21:00 20:30 라스트오더,14
뚱땡이삼겹살,부산사하우체국,고소한 대패삼겹살과 매콤한 쭈꾸미의 환상 조합!,"대패삼겹살 100g \3,900ㅣ쭈꾸미 300g \11,000",부산광역시 사하구 신산로 187,051-204-2354,11:30-22:30 화요일 휴무,14
남해영양보리밥,부산사하우체국,건강하고 영양 가득한 몸에 좋은 보리밥 맛집!,"영양보리밥 \7,000",부산광역시 사하구 제석로18번길 70,051-206-6336,11:00-20:00,14
해운대 하선집,해운대우체국,국내산 돼지갈비만 사용하는 숯불돼지갈비 전문점으로 구워줘서 더 맛있는 집!,"양념돼지갈비220g \18,000ㅣ생돼지갈비180g \18,000ㅣ점심특선 한우육회비비밤 1인 \16,000",부산광역시 해운대구 좌동순환로 395 1층,0507-1340-1139,11:30-22:00 21:00 라스트오더,14
식당3선 센텀점,해운대우체국,구워져 나오는 양념갈비와 고급스러운 느낌으로 대히트를 친 부산의 대표 외식 레스토랑,"양념돼지갈비300g \20,000ㅣ고추장돼지갈비300g \21,000ㅣ양념소갈비살280g \28,000",부산광역시 해운대구 해운대로 230,051-781-0808,10:30-22:00 21:00 라스트오더,15
만파식적,해운대우체국,다양한 구성과 자극적이지 않은 반찬들로 가족 친지들 모임에도 좋은 한식집,"만파식적A코스 \15,000ㅣ만파식적B코스 \18,000ㅣ만파식적C 코스 \28,000~",부산광역시 해운대구 센텀동로 26 한화꿈에그린센텀,0507-1340-5597,11:30-15:00 17:00-21:00 20:00 라스트오더,15
방갈로끝집,해운대우체국,조개구이와 바다장어를 먹을 수 있는 청사포 바다 뷰 맛집!,"조개구이 \45,000~ㅣ장어구이 \45,000~",부산광역시 해운대구 청사포로128번길 66,051-704-1198,12:00-06:00 연중무휴,15
윤가네 신토불이보쌈,해운대우체국,3대째 이어져 오는 현지인들이 더욱 추천하는 보쌈 맛집,"보쌈+쟁반국수 \38,000~",부산광역시 해운대구 구남로29번길 35,0507-1425-1441,10:00-21:00,15
충무김밥 김치수제비,해운대우체국,오랫동안 자리를 지켜온 구)해운대역 분식 맛집!,"충무김밥 \6,000ㅣ김치수제비 \7,000",부산광역시 해운대구 중동1로 15-1,051-747-7383,09:00-20:00,16
재송회센터,헤운대우체국,제철회를 포장하여 넉넉하게 맛볼 수 있는 가성비 횟집 맛집!,"모듬회 \25,000~",부산광역시 해운대구 재송1로60번길 36,051-781-5748,10:00-24:00 목요일 휴무,16
윤쓰짬뽕 & 즉석떡볶이,해운대우체국,왕갈비+해물 건더기 푸짐한 얼큰한 짬뽕과 차별화된 떡볶이를 맛볼 수 있는 곳!,"왕갈비얼큰짬뽕 \12,000ㅣ차돌양지 즉석떡볶이 \19,000",부산광역시 해운대구 재반로103번가길 42,0507-1428-9005,11:00-15:00 / 17:00-20:00 수요일 휴무,16
가야정본점,부산진우체국(부산진구 지역),보양식의 대표음식 삼계탕으로 유명한 가야정,"삼계탕 \18,000ㅣ옻삼계탕 \23,000ㅣ약계탕 \23,000",부산광역시 부산진구 가야대로 527,051-892-3311,10:00-15:30 16:30-21:00,16
대성각,부산진우체국(부산진구 지역),빨간 탕수육 소스로 유명한 우리동네 중국집 맛집!,"짜장면 \6,000ㅣ짬뽕 \8,000ㅣ탕수육 \21,000",부산광역시 부산진구 가야대로587번길 10,051-891-4544,10:00-22:00 화요일 휴무,17
조방낙지 가야점,부산진우체국(부산진구 지역),한우곱창이 듬뿍 들어간 환상적인 낙곱새 맛집!,"낙지볶음 \9,000ㅣ낙곱새볶음 \11,000",부산광역시 부산진구 가야대로 597,051-895-0076,11:00-22:00,17
심청이왕족발,부산진우체국(부산진구 지역),부드럽고 쫄깃한 식감 좋은 콜라겐이 가득한 옛날 족발 맛집!,"차가운 옛날족발 \25,000~ㅣ심청이 족발 \25,000~",부산광역시 부산진구 가야대로588번길 14,051-896-5357,15:30-23:00,17
서면대패삼겹살,부산진우체국(부산진구 지역),고소한 대패삼겹살의 맛부터 가성비까지 잡은 남다른 맛집!!,"대패삼겹살 100g \3,900ㅣ생삼겹살 100g \8,000ㅣ소대패 100g \4,800",부산광역시 부산진구 새싹로29번길 32,051-807-7176,15:00-23:30 일요일 휴무,17
연돼지국밥,부산진우체국(부산진구 지역),몸에 좋은 연근과 돼지국밥과의 콜라보~ 맛집!,"돼지국밥 \8,500ㅣ순대국밥 \8,500ㅣ모듬국밥 \9,500",부산광역시 부산진구 범일로192번길 33,0507-1301-1376,10:00-21:00 일요일 휴무,18
왕짜장,부산진우체국(부산진구 지역),맛으로 행복해지는 세상!王짜장!!,,부산광역시 부산진구 진남로 505,051-852-0362,10:00-20:00,18
하이까눌레,부산진우체국(부산진구 지역),부산 유일 까눌레 전문점으로 다양한 까눌레 메뉴들이 가득찬 맛집! 선물로도 인기!,"순대마늘보쌈 \40,000~ㅣ화명옥풀세트3-4인(보쌈+직화낙지+청국장+비빔밥) \75,000",부산광역시 북구 용당로9번길 3,0507-1413-3358,12:30-19:00  매주 일요일 정기휴무 11:40-14:30 / 17:10-21:00 (토요일 21:30 일요일 20:30까지) 라스트오더 1시간 전까지,18
북경의자전거,북부산우체국(부산 북구 지역),많은 사람들이 찾는 중식당 맛집으로 여러요리들을 즐길 수 있으며 주차장까지 넓어 좋음!,,부산광역시 북구 용당로5번길 14,051-902-8282,11:30-22:00 라스트오더 21:00 명절휴무,19
윤가네산오징어,북부산우체국(부산 북구 지역),회로 먹고 찜으로도 먹는 오징어 맛집! 산오징어가 살아있는 오징어 맛집!!,"먹통 \50,000/60,000/70,000ㅣ낙지 \30,000/40,000ㅣ해물모듬 \30,000/40,000",부산광역시 북구 만덕대로16번길 24,051-335-8338,11:00-21:00 일요일 휴무,19
금용만두,북부산우체국(부산 북구 지역),비가 와도 눈이 와도 지나칠 수 없는 달인의 만두 맛집!!,"군만두 \8,000 찐만두 \8,000 만두국밥 \8,000",부산광역시 북구 구포만세길 75,051-332-1261,10:30-20:30 매주 화요일 휴무,19
첸차이나,북부산우체국(부산 북구 지역),짜장과 짬뽕이 맛있는 기본에 충실한 중국요리 맛집!!,"짜장면 \6,000ㅣ짬뽕 \8,500ㅣ간짜장 \8,000ㅣ탕수육 \16,000",부산광역시 북구 효열로219번가길 42,0507-1322-7784,11:00-21:00 일요일 휴무,19
빨간도깨비샤브샤브,북부산우체국(부산 북구 지역),시원하고 얼큰한 국물이 일품인 가성비 좋은 샤브샤브 맛집!!,"손칼국수 보통/얼큰이 \9,000",부산광역시 북구 만덕3로48번길 15,0507-1365-0261,10:30-21:50 매월 마지막 목요일 휴무,20
숙향,북부산우체국(부산 북구 지역),맛으로~ 푸근함으로~ 인정받는 만덕의 오리요리 맛집!,"생오리양념구이 \43,000ㅣ생오리구이 \40,000ㅣ한방오리백숙 \50,000",부산광역시 북구 덕천로 217-1,051-337-5635,11:30-22:00,20
가마솥추어탕,북부산우체국(부산 북구 지역),가마솥에서 바로 끓여서 맑고 개운한 국물 맛집!!,,부산광역시 북구 산성로 75-5,051-332-5343,08:00-21:00 매주 월요일 휴무,20
팔팔연제장어,부산연제우체국,고소한 부산바다 장어구이와 담백하고 깔끔한 장어탕을 맛보고 싶다면 여기!,"민물장어구이(1인분) \30,000ㅣ바다장어구이 \22,000ㅣ장어추어탕 \12,000",부산광역시 연제구 황새알로 21-1,051-507-5244,10:00-21:30 2·4·5주 일요일 휴무,20
청미추어탕,부산연제우체국,몸에 좋고 맛도 좋은 든든한 추어탕 한 그릇은 최고의 점심 보양식!,"추어탕 \8,000ㅣ돼지두루치기(2인상) \9,000ㅣ돼지수육 \30,000",부산광역시 연제구 월드컵대로111번길 6-12,051-868-2903,11:30-14:30 / 16:30-21:00 토·일요일 휴무,21
쏘이 472,부산연제우체국,태국 음식 맛있게 잘하는 맛집! 태국 음식 생각날 땐!,"팟타이 \11,000ㅣ팟카파오 무쌉 \9,000ㅣ카오팟 탈래 \9,000","부산광역시 아시아드대로134번길 14, 상가 103호",051-907-4720,11:30-21:30 월요일 휴무,21
일품향,부산연제우체국,달달한 유니짜장과 얼큰한 짬뽕 여러가지 중국전통요리를 맛볼수 있는 오래된 맛집!,"유니짜장 \9,000ㅣ점심특선 \20,000ㅣ중국식냉면 \11,000ㅣ광동밥 \13,000",부산광역시 연제구 법원북로3번길 7,051-507-7763,11:00-21:00,21
만포장회전문점,부산연제우체국,가성비와 가심비를 모두 만족시키는 맛집! 룸이 있어 모임장소로 좋은 맛집!!,"회덮밥 \12,000ㅣ물회 \15,000ㅣ모듬회(소) \50,000ㅣ고급모듬회(소) \60,000",부산광역시 연제구 법원북로3번길 15,051-503-6865,11:30-22:00 일요일 휴무,21
베네치아참치,동부산우체국(부산 동구 지역),최고급 혼마구로(참다랑어)가 25년 경력의 참치명장 셰프와 만나 나오는 일식요리들의 향연,"초밥한판(점심특선) \16,000ㅣ일품세미코스 \45,000ㅣ혼마구로어울림코스 \69,000",부산광역시 동구 범일로102번길 20 2층,0507-1491-7903,11:30-14:00 / 16:30-22:00 20:00 라스트오더,22
명가,동부산우체국(부산 동구 지역),찐~하고 깊은! 현지인들도 인정한 감자탕 맛집!!,"감자탕 ￦25,000/35,000ㅣ김치찌개 \7,000ㅣ동태탕 \8,000",부산광역시 동구 자성공원로 23-9,051-644-0079,24시간 영업(연중무휴),22
감포참가자미,동부산우체국(부산 동구 지역),쫄깃한 식감 맛있는 참가자미회하면 여기만한 곳이 없다!,"회정식(점심한정) \30,000ㅣ참가자미물회 \18,000ㅣ1인 코스요리 \40,000~",부산광역시 동구 범일로102번길 16-20,0507-1309-3187,11:00-15:00 / 17:00-22:00 연중무휴,22
늘즐거운세상본가화로,동부산우체국(부산 동구 지역),부드러운 육질의 소고기를 선보이는 가성비 있는 맛집!,"갈비살150g \16,900ㅣ안창꽃살130g \17,900ㅣ꽃등심180g \28,000",부산광역시 동구 조방로 19,0507-1359-6718,11:00-22:00 21:00 라스트오더,22
수미식당,동부산우체국(부산 동구 지역),싱싱한 회와 해물의 살아있는 맛!,,부산광역시 동구 고관로 109-9,051-467-9509,11:00-22:00,23
다다우동,동부산우체국(부산 동구 지역),범일동 골목안 숨은 맛집으로 여러우동의 맛을 볼수있는 다다우동!,"다다우동 \6,000ㅣ튀김우동 \6,500ㅣ모밀 \8,000ㅣ충무김밥 \6,500",부산광역시 동구 자성공원로3번길 15,051-645-1300,10:00-21:00 일요일 휴무,23
영도우,부산영도우체국,임실치즈를 아낌없이 사용하고 부산항이 한눈에 들어오는 맛과 뷰를 사로잡은 집!,"청학동파스타 \14,000ㅣ영도우피자 \21,000ㅣ크림라자냐 \20,000",부산광역시 영도구 조내기로5번길 2,070-4659-0169,11:30-15:00 / 17:00-20:30 20:00 라스트오더 월요일 정기휴무,23
청해수산,부산영도우체국,신선하고 두툼한 회와 가성비를 갖춘 많은 사람들이 찾는 맛집!,"모듬회(소) \35,000ㅣ모듬회(중) \45,000ㅣ모듬회(대) \55,000",부산광역시 영도구 태종로113번길 35 봉래시장안,051-412-6888,12:30-22:00 21:00 라스트오더 매주 화요일 정기휴무,23
우리이모집,부산영도우체국,태종대 자갈마당에 위치한 부산 바다 보며 즐길 수 있는 조개구이&해산물 맛집!,"조개구이 \50,000~ㅣ해물모듬 \50,000~ㅣ장어구이 \60,000~",부산광역시 영도구 감지해변길 96,010-5025-3134,11:30-01:00 23:00 라스트오더 매달 4번째 목요일 휴무,24
편편집 대교점,부산영도우체국,가족 외식으로도 좋은 편백찜&샤브샤브&월남쌈 무한리필 맛집!!,"편백찜&월남쌈&샤브 무한리필 \16,900/17,900/18,900/19,900",부산광역시 영도구 태종로 75 1층,0507-1391-2414,11:00-22:00,24
등대횟집,부산영도우체국,영도에서 10년 넘은 맛집! 가성비 충만 회 맛집!!,"모듬회 \40,000~ㅣ물회 \13,000ㅣ회비빔밥 \12,000",부산광역시 영도구 남항로31번길 29,051-412-2278,10:00-22:30,24
두메산골 터줏대감,부산영도우체국,된장박이 삼겹살이 감칠맛 나는 숨은 고기 맛집!,"삼겹살100g \10,000ㅣ항정살100g ￦14,000ㅣ한우100g ￦25,000",부산광역시 영도구 태종로 86,051-413-9277,월-토 16:30-22:30 일 13:00-22:30(일요일은 예약 운영),24
장어마을,부산영도우체국,맛도 좋고 몸에도 좋은 고소하고 맛있는 장어 맛집!!,"장어구이 \40,000/50,000/60,000ㅣ장어정식 \18,000ㅣ장어탕 \13,000",부산광역시 영도구 절영로13번길 2,051-417-3019,11:00-21:30 일요일 공휴일 휴무,25
그라치에,부산영도우체국,영도 청학동 뇨끼와 파스타가 맛있는 분위기 좋은 이탈리아 레스토랑!,"통오징어먹물리조또 \17,000ㅣ감자뇨끼 \16,000ㅣ채끝스테이크 \34,000",부산광역시 영도구 청학동로 12 1층,0507-1392-6860,11:30-15:00 / 17:00-21:30,25
또시아,부산영도우체국,"영도 속 작은 대만, 이색적인 매뉴로 가득찬 대만 음식점! 웨이팅 주의!","대만홍소우육면 \11,000ㅣ마파두부&계란볶음밥 \13,000ㅣ가지튀김 \13,000",부산광역시 영도구 절영로 6 1층,0507-1436-3837,11:30-15:00 / 17:00-21:30,25
고귀관,부산강서우체국,육즙 팡팡한 고기를 직접 구워주는 그릴링 서비스에 가성비 좋은 세트메뉴!,"고세트 2인(500g) \47,000ㅣ귀세트 4인(950g) \89,000ㅣ점심특선(돼지갈비정식) \15,000",부산광역시 강서구 대저중앙로 399,0507-1311-9299,11:00-15:00 / 17:00-22:00 21:00 라스트오더,25
장수고려삼계탕,부산강서우체국,푸짐한 양과 고급스러운 맛! 몸보신 최고의 삼계탕 맛집!,"한방삼계탕 \11,000ㅣ상황버섯 오리불고기 \25,000",부산광역시 강서구 대저중앙로 62,051-972-6773,09:00-21:00 토·일요일 휴무,26
청송보리밥,부산강서우체국,고물가시대 가성비 최고의 건강한 보리밥 맛집!,"보리밥 \7,000",부산광역시 강서구 대저로 57,051-972-3416,11:00-20:00 일요일 휴무,26
시골추어탕,부산강서우체국,시골집에서 먹는 진한 국물의 추어탕 맛집!,"추어탕 \9,000ㅣ미꾸라지 튀김 \10,000",부산광역시 강서구 대저로3번길 163,051-972-4817,11:00-20:00 일요일 휴무,26
부산식당 한식뷔페,부산강서우체국,먹을 수 있는 만큼 무한 리필 할 수 있는 가성비 맛집,"뷔페정식 \ 7,000",부산광역시 강서구 대저로89번가길 53,0507-1473-1132,10:30-15:00 일요일 휴무,26
옥이감자탕,부산강서우체국,들깨향 솔솔나는 얼큰하고 담백한 감자탕 맛집!,"우거지감자탕 \23,000~ㅣ김치감자탕 \25,000~",부산광역시 강서구 화전산단4로7번길 14,051-973-8988,10:00-22:00 1·3주 일요일 휴무,27
샤브인 본점,부산강서우체국,신선한 야채와 깔끔한 육수가 일품인 샤브샤브 맛집!,"소고기 샤브(1인분) \13,900",부산광역시 강서구 신호산단2로 43-21,051-831-1114,11:00-21:20 월요일 휴무,27
가마솥생복집,기장우체국,정갈한 밑반찬과 현지인 추천 맛집으로도 유명한 복국집,"은복 \13,000ㅣ까치복 \15,000ㅣ밀복 \17,000ㅣ복수육 \50,000~ㅣ특선요리(1인) \70,000",부산광역시 기장군 기장읍 차성로 327-2,051-722-2995,09:00-21:00 월요일 휴무,27
일광바다횟집,기장우체국,"신선한 재료와 맛깔나는 멸치쌈밥, 바다가 보이는 맛집, 웨이팅 주의!","멸치쌈밥 \14,000ㅣ생물메기탕 \20,000ㅣ생대구탕 \20,000ㅣ도다리쑥국 \20,000",부산광역시 기장군 일광읍 기장해안로 1312,051-724-7188,09:00-15:00 / 17:00-21:00 20:00 라스트오더,27
한양횟집,기장우체국,누구나 인정하는 신선함이 가득하고 여러 맛을 느낄 수 있는 오션뷰의 생선회 맛집!,"모듬회 \60,000~ㅣ아나고 \50,000~",부산광역시 기장군 일광읍 문오성길 165-1,051-727-1773,10:00-21:00,28
만포장횟집,기장우체국,싱싱한 여러 해산물과 쫄깃한 회를 함께 맛볼 수 있는 정성 가득한 기장 맛집!,"모듬회 \60,000~ㅣ해산물모듬 \40,000~",부산광역시 기장군 기장읍 연화1길 177,051-721-1288,10:00-21:00,28
청기와 식육식당,기장우체국,설명이 필요 없는 오래된 기장 철마 소고기 맛집!,"갈비살·꽃등심·모듬 100g \28,000ㅣ꽃살 100g \35,000",부산광역시 기장군 철마면 중리1길 15-9,051-721-9192,10:00-21:00 연중무휴,28
숯탁,울산우체국(울산 중구 지역),"참숯에 한번 짚불에 한번 솥뚜껑에 또 한번, 국내산 닭 특부부위 숯불 닭구이 전문점","사이갈비 250g \9,000ㅣ초가모듬set 550g \33,000ㅣ산장모듬set 850g \48,000",울산광역시 중구 태화강국가정원길 229-5,052-211-5200,11:00-22:00 월요일 휴무,30
유쾌한낙지 본점,울산우체국( 울산 중구 지역),"통통하고 쫄깃한 불맛의 낙지와 수육의 깔끔한 조합,한번먹으면 빠져나올 수없는 맛!","직화낙지볶음 \13,500ㅣ직화낙지보쌈 \38,000~ㅣ통낙지해물찜 \42,000~",울산광역시 중구 태화강국가정원길 231-6,0507-1377-6800,11:00 -15:30  / 17:00 -21:20 목요일 정기휴무,30
허준 굴요리전문점,울산우체국(울산 중구 지역),굴국밥으로 해장! 줄서서 먹는 굴요리 맛집!!,"굴국밥 \9,000ㅣ굴탕 \9,000ㅣ굴떡국 \9,500ㅣ매생이굴국밥 \10,000",울산광역시 중구 새치로 29,0507-1406-9671,11:00-22:00 일요일 휴무,30
대박터숯불촌,울산우체국(울산 중구 지역),20년 넘은 옛날 돼지갈비 맛집! 회식하기 좋은 클래식한 맛집!!,"왕갈비 \10,000ㅣ생삼겹살 \10,000ㅣ소갈비살 \12,000ㅣ물냉면 \7,000",울산광역시 중구 구교로 52,052-285-2070,10:00-22:00,30
여국,울산우체국(울산 중구 지역),국물이 깔끔하고 담백한 여기는 국밥집!,"돼지국밥 \9,000ㅣ순대국밥 \9,000ㅣ내장국밥 \9,000ㅣ섞어국밥 \9,000",울산광역시 중구 백양로 112,052-287-4728,10:00-20:30 일요일 휴무,31
남서울왕족발,남울산우체국(울산 남구 울주군 지역),잡내없는 딱 맛있는 오리지널 족발! 직접 만든 반찬과 쌈이 가득한 족발 맛집!!,"족발 \25,000/31,000/37,000ㅣ보쌈 \25,000/31,000/37,000",울산광역시 남구 봉월로8번길 10,050-7715-6979,17:00-23:00,31
돈당,남울산우체국(울산 남구 울주군 지역),고소한 삼겹살의 육즙! 울산의 숯불고기 맛집!!,"생삼겹살 \10,000ㅣ돼지갈비 \10,000ㅣ생목살 \10,000ㅣ두루치기 \10,000",울산광역시 남구 월평로217번길 4,0507-1371-2828,11:30-14:30 / 17:00-22:00 1주 일요일 휴무,31
진호관,남울산우체국(울산 남구 울주군 지역),국물보다 고기가 더 많다는 소문이 있는 뼈 없는 갈비탕 맛집!,"한마리곰탕 \13,000ㅣ갈비탕 \13,000ㅣ몸보신포장셋트(전국택배가능)",울산광역시 남구 중앙로213번길 10,052-261-1446,11:00-14:00 / 16:00-20:00 19:30 라스트오더 토요일 14:00까지 일요일 휴무,31
화락,남울산우체국(울산 남구 울주군 지역),가격 대비 신선하고 푸짐한 코스요리를 맛볼 수 있는 일식당 화락!,"코스요리 1인 \43,000 (예약 필요)",울산광역시 남구 왕생로 134,010-5688-9111,17:00-22:00 일요일 휴무,32
경주할매낙지,남울산우체국(울산 남구 울주군 지역),경주 현지인 맛집! 담백하면서도 자극적이지 않는 재료 본연의 맛집!!,"낙지볶음 \8,000ㅣ낙지전골 \8,000ㅣ낙곱전골 \8,000ㅣ낙불전골 \8,000",울산광역시 남구 왕생로 122,052-266-4841,11:00-22:00,32
한양식당,남울산우체국(울산 남구 울주군 지역),울산의 오래된 로컬 맛집! 집밥이 그리울 땐~ 가격 부담없는 한정식 맛집!!,"정식 \8,000ㅣ비빔밥 \8,000ㅣ된장찌개 \9,000ㅣ김치찌개 \ 9,000",울산광역시 남구 대암로 6,052-273-1653,09:00-21:00 일요일 휴무,32
엄지해장국,남울산우체국(울산 남구 울주군 지역),속을 따뜻하게 채워줄 엄마네 선지해장국! 우거지 한가득 인심 좋은 맛집!!,"선지해장국 \8,000ㅣ우거지해장국 \9,000ㅣ우거지선지해장국 \10,000",울산광역시 남구 돋질로239번길 4-5,052-227-5479,06:30-15:00 2·4주 토·일요일 휴무,32
덕하홍두깨 손칼국수,남울산우체국(울산 남구 울주군 지역),생각만 해도 침샘이 터지는 맛집! 무조건 칼국수 맛집!!,"칼국수 \6,000ㅣ수제비 \6,000ㅣ잔치국수 \6,000",울산광역시 울주군 청량읍 덕하장터길 10,052-700-4880,09:00-20:00,33
외식명가 삼산점,남울산우체국(울산 남구 울주군 지역),품격있게 즐기는 울산의 외식명가 맛집!,"꽃갈비살110g \28,000ㅣ갈비살양념구이250g \27,000ㅣ양념갈비300g \28,000",울산광역시 남구 화합로 154 1~4층,050-7362-9234,11:30-23:30  23:30 라스트오더,33
시바스시,남울산우체국(울산 남구 울주군 지역),오사카 가이세키 출신 헤드쉐프가 직접 개발한 일본 정통식 스시,"특선초밥세트1인 \22,000ㅣ런시세트2인 \40,000ㅣ나루토우동 \8,000ㅣ장어초밥(4p) \6,000",울산광역시 남구 월평로 213 1층,0507-1368-8714,11:30-21:30 연중무휴,33
굴화길,남울산우체국(울산 남구 울주군 지역),육회요리 맛집 굴화길! 책임지고 신선한 재료만을 고집하는 맛집!,"육회비빔밥 \12,000ㅣ육회물회 \12,000ㅣ육사사미 \30,000ㅣ육회 \30,000",울산광역시 남구 왕생로 126 1층,0507-1390-7901,11:00-15:00 / 17:00-21:00  20:30 라스트오더,33
원아구찜,동울산우체국(울산 동구 지역),매콤하고 칼칼한 울산 아구찜 맛집!,"아구찜·대구찜·쭈꾸미찜 \25,000~",울산광역시 동구 진성2길 37,052-234-0019,11:00-01:00,34
이모야커피깔루야,동울산우체국(울산 동구 지역),조용한 카페 분위기의 커피 맛집,"커피 \3,000~",울산광역시 동구 진성2길 14,010-4696-1323,10:30-23:00,34
주전횟집,동울산우체국(울산 동구 지역),해녀가 직접 잡은 신선한 해산물 코스요리 전문점,"4가지 코스 \40,000 ~ \100,000",울산광역시 동구 동해안로 686,052-251-9488,10:30-22:00,34
토속돼지국밥,동울산우체국(울산 동구 지역),머릿고기가 듬뿍 들어간 동네 주민이 인정한 국밥 맛집!,"돼지국밥 \8,000ㅣ수육 \25,000",울산광역시 동구 북진6길 41,052-252-9082,10:00-22:00 일요일 휴무,34
샤인커피,마산우체국,커피와 샌드위치가 맛있다고 소문난 주택을 개조한 카페,"엑설런트라떼 \5,500ㅣ수제리코타 샌드위치 \6,800ㅣ크림라떼 \5,500",경남 창원시 마산합포구 중앙동3길 32-17,0507-1341-2445,08:00-18:00 17:30 라스트오더 일요일 휴무,36
전복맛,마산우체국,정식으로 통통한 전복과 제육복음 된장찌개까지 먹을 수 있는 가성비 맛집!,"전복장정식 \12,000ㅣ전복된장정식 \12,000ㅣ전복구이정식 \15,000ㅣ전복죽 \12,000",경남 창원시 마산합포구 3·15대로 222,055-223-1997,11:30-14:00 / 17:00-20:00 일요일 휴무,36
대패랑,마산우체국,단골이 많기로 유명한 국내산 한돈 대패삼겹살 맛집,"대패삼겹살 100g \4,900ㅣ대패주물럭 100g \5,900ㅣ생삼겹살 120g \9,000",경남 창원시 마산합포구 해안대로 294,055-224-2276,16:00-22:30 일요일 명절휴무,36
달동치킨,마산우체국,"외관에서 풍겨져 오는 우리동네 치킨 맛집 달동치킨, 특히 마늘치킨 강추!","마늘치킨 \17,000ㅣ간장치킨 \16,000ㅣ양념치킨 \16,000ㅣ후라이드치킨 \16,000",경남 창원시 마산합포구 반월동2길 32,055-223-1997,15:00-23:00 1·3주 일요일 휴무,36
티비에이(TBA) 카페,마산우체국,빈티지한 분위기에서 향기로운 커피와 브런치가 생각난다면 이곳은 필수!,"아메리칸브런치 \16,500ㅣ미트러버브런치 \10,900ㅣ포테이토브런치 \10,400","경남 창원시 마산합포구 산호남2길 2, 1층",010-9433-8544,10:00-20:00 월요일 휴무,37
대흥관,마산우체국,"지역 주민들이 인정하는 오래된 중국(맛)집, 겉바속촉 탕수육, 감칠맛 짱뽕국물이 일품","짜장면 \7,000ㅣ짬뽕 \8,000ㅣ등심탕수육 소 \21,000ㅣ탕수육+만두+식사2인세트 \27,000",경남 창원시 마산회원구 내서읍 삼계로31-3,055-231-9231,10:45-20:30 수요일 또는 목요일 유동적 휴무,37
하연옥,진주우체국,냉면과 갈비의 조화로움과 진주 육전을 맛볼 수 있는 하연옥!,"진주물냉면 \11,000ㅣ진주비빔냉면 \12,000ㅣ돌판소갈비 2인 \39,500ㅣ진주육전 \24,000",경남 진주시 진주대로 1317-20,055-746-0525,10:00-21:00 20:30 라스트오더,37
천황식당,진주우체국,TV 3대천왕 맛집에도 소개된 육회비빔밥이 유명한 진주의 노포 식당,"육회비빔밥 \13,000ㅣ한우육회 \50,000ㅣ석쇠불고기 \30,000",경남 진주시 촉석로207번길 3,055-741-2646,06:00-21:00 20:00 라스트오더,37
효성갈비,진주우체국,매장이 넓어 단체이용도 가능한 오래된 갈비 고기 맛집,"수제돼지갈비 220g \15,000ㅣ소양념갈비 220g \30,000",경남 진주시 진주성로 2,055-746-9235,10:00-15:00 / 16:00-21:30,38
호순이 솥뚜껑삼겹살,진주우체국,"솥뚜껑 삼겹살 찐 맛집으로 신선한 야채 친절한 사장님. 단, 웨이팅 주의!","삽겹살 150g \11,000ㅣ목살 150g \11,000ㅣ모듬 450g \35,000",경남 진주시 천수로297번길 11-1,055-748-5522,15:00-24:00,38
유정장어,진주우체국,"한국관광공사 선정 100대 맛집, 민물과 바다의 여러가지 장어의 맛을 느낄 수 있는 맛집!","바다장어구이 (1인분/250g) \26,000ㅣ민물장어구이 (1인분/250g) \36,000",경남 진주시 진주성로 2 (진주성 북문 앞),055-746-9235,10:00-15:00 / 16:00-21:30,38
사천냉면,진주우체국,전통진주식 냉면을 고집하는 맛집으로 섞어 냉면과 육전 조합 추천!,"물냉면 \9,000ㅣ비빔냉면 \10,000ㅣ섞어냉면(물비빔) \10,000ㅣ육전 \25,000",경남 진주시 강남로177번길 17,055-753-3075,11:00-20:00,38
호야식당,진주우체국,봄 추천 비빔밥 여름 추천 콩국수 겨울 추천 동태찌개 계절별 맛집!,"비빔밥 \8,000ㅣ국수 \6,000ㅣ비빔국수 \7,000ㅣ콩국수 \8,000ㅣ동태찌개 \9,000",경남 진주시 비봉로23번길 6,055-745-5072,10:00-19:00 토요일 10:00:-15:00 일요일 휴무,39
갈비도사,진해우체국,진해를 방문한다면 꼭 추천드리는 맛과 가격을 모두 사로잡은 맛집!,"(점심)돼지양념 정식세트 \13,000~ㅣ(저녁)프리미엄 정식세트 \18,000~",경남 창원시 진해구 중원동로 60 102호,0507-1379-9254,11:00-15:00 / 16:30-22:00,39
중원로카페,진해우체국,골목길을 지나면 예쁜 정원 있는 분위기 좋은 뷰맛집 카페!,"아메리카노 \3,500ㅣ카페라떼 \4,300ㅣ블루베리라떼 \6,000",경남 창원시 진해구 중원로74번길 13-1 1층,070-8823-7587,08:30-22:00 토요일 21:00까지 일요일 휴무,39
음식이보약,진해우체국,프라이빗한 룸도 겸비한 갈비탕 선지해장국 갈비찜 맛집으로 특히 갈비찜 후 볶음밥 강추,"갈비찜(소) \40,000ㅣ도가니수육/모듬수육 \50,000ㅣ갈비해장국 \13,000","경남 창원시 진해구 백구로13 102, 103(근화동 보문빌딩)",055-545-4556,16:00-21:00 일요일 휴무,39
대한삼계탕,진해우체국,담백하고 맛있는 삼계탕이 생각날때! 생닭으로 갓튀긴 후라이드는 별미!,"삼계탕 \16,000ㅣ들깨삼계탕 \17,000ㅣ옻삼계탕 \18,000",경남 창원시 진해구 충장로82번길 16,055-547-8661,10:00-21:00,40
맛있으면돼지,진해우체국,푸집한 돼지국밥 로컬 맛집으로 깍두기는 사랑!,"돼지국밥 \9,000ㅣ내장국밥 \9,000ㅣ순대국밥 \9,000ㅣ섞어국밥 \9,000",경남 창원시 진해구 덕산로14번길 15,0507-1300-7020,10:00-14:30 / 15:30-21:00 라스트오더 20:30 일요일 휴무,40
갈비랑아구랑,진해우체국,갈비찜 아구찜 황태찜이 생각난다면 여기 맛집!,"소갈비찜(2인) \35,000ㅣ생아구찜(2인) \25,000ㅣ황태찜(2인) \27,000",경남 진해구 충장로491번길 17,055-547-6766,11:00-21:30 2·4번째 일요일 휴무,40
더마리,진해우체국,돈까스정식 맛집으로 다양한 돈까스를 즐길수 있다,"경양식왕돈까스 \11,000ㅣ치즈카츠 \12,000ㅣ안심카츠 \11,000ㅣ등심카레 \12,000","경남 창원시 창원시 진해구 웅천동로106번길13(더블유프라자), 1층",055-552-5722,11:00-15:00 / 17:00-20:30 라스트오더 20:00 일요일 휴무,40
사야,창원우체국,보리굴비와 코다리가 유명한 밑반찬으로 배가 불러져 오는 예약 필수 맛집!,"연편도 암꽃게장 한상 \28,000ㅣ법성포 보리굴비한상 \27,000ㅣ강원도코다리한상 \19,000",경남 창원시 성산구 마디미로70번길 2 이번가빌딩 2층,0507-1303-8803,"11:30-14:30 / 17:00-21:00 19:45 라스트오더 매월 1,3주 일요일 휴무",41
호랑면옥,창원우체국,고기맛과 국물이 일품인 또 방문하고 싶게 만드는 가성비 찐 맛집!,"고기국수 \10,000ㅣ고기비빔국수 \10,000ㅣ수육나베 \25,000~ㅣ새우파전 \15,000",경남 창원시 성산구 67 경창종합상가 1층,0507-1465-1046,11:00-21:00,41
아구나라꽃게마을,창원우체국,"아는 사람들만 아는 숨은 맛집, 매운닭찜이 시그니쳐 메뉴","매운닭찜 1마리 \26,000ㅣ말린아구찜(2인) \25,000ㅣ대구찜(2인) \23,000","경남 창원시 성산구 상남로 71, 창원코아상가 2층",055-285-0411,11:00-21:00 라스트오더 20:00 토·일요일 휴무,41
룡정,창원우체국,달달한 짜장면과 정통중화요리를 맛보 수 있고 단체모임에도 좋은 수타전문점!,"룡정 점심특선 11시~14시 1인당 \14,000 (삼선누룽지탕+깐풍기+식사(짜장or짬뽕)","경남 창원시 성산구 용지로153번길 10, 8층",0507-1387-7336,11:00-15:00 / 17:00-21:00 일요일 휴무,41
할매낙지마당,창원우체국,싱싱한 산낙지 볶음과 여러 전골류도 함께 맛볼 수 있는 맛집,"낙새볶음(1인분) \10,000ㅣ낙곱새볶음(1인분) \11,000ㅣ낙지전골류 \30,000~",경남 창원시 성산구 신촌로 17,055-286-7060,11:00-20:00 일요일 휴무,42
전주보리식당,창원우체국,맛나고 저렴하게 든든히 한 끼 먹을 수 있는 친절한 사장님이 운영하는 맛집!,"보리밥+꽃게된장+고등어조림 \7,000 (포장 \10,000)","경남 창원시 성산구 대정로 36, 지하23호~24호(가음동종합상가)",055-262-7407,11:00-20:00 일요일 휴무,42
진고려삼계탕,창원우체국,매장이 넓고 청결하며 방도 있어 연말모임에도 좋은 언제 가도 변함없는 맛집,"삼계탕 \17,000ㅣ옻삼계탕 \18,000ㅣ한방삼계탕 \19,000ㅣ해신탕 \110,000",경남 창원시 의창구 태복산로3번길 11,055-238-0555,11:00-21:30,42
밀면마을,김해우체국,저렴한 가격에 맛있는 밀면을 먹을 수 있는 착한 맛집!,"생국수 \5,000ㅣ물민면 \5,500ㅣ비빔면 \6,000ㅣ만두 \5,000",경남 김해시 김해대로2511번길 6,055-333-2480,11:00-20:00 일요일 격주 휴무,42
옥돌쉼터,김해우체국,아름다운 노을과 함께 인스타 감성이 폭발하는 뷰 맛집,"된장삼겹살120g \11,000ㅣ한방백숙 \60,000ㅣ오리생구이 \45,000ㅣ오리불고기 \45,000",경남 김해시 삼안로112번길 20-83,055-314-1013,11:00-21:00 월요일 휴무,43
키린느,김해우체국,호텔 로비같은 고급스럽고 넓은 공간으로 편안함을 주고 맛있는 라떼와 빵이 있는 카페,"키린느 커스텀 라떼 \6,000ㅣ소금빵 \4,200ㅣ크로아상 \5,200",경남 김해시 김해대로2272번안길 31 1층,0507-1386-2075,10:00-22:00 21:30 라스트오더,43
이도탕반 김해본점,김해우체국,"한우대창과 돼지고기, 곱창, 새우, 수제순대, 낙지가 푸짐하게 들어간 이도탕반만의 대표메뉴","한우대창낙지전골 \35,000~ㅣ이도얼큰우동 \11,000ㅣ순대국밥 \9,000",경남 김해시 김해대로2324번길 67,0507-1372-2987,11:00-22:00 21:30 라스트오더,43
한근두근,김해우체국,가족외식 또는 회식으로도 좋은 신선함과 푸짐함을 겸비한 고기 맛집!,"생삼겹/생오겹살 1인분(120g) \9,900ㅣ돼지갈비 1인분(180g) \12,000",경남 김해시 분성로 518,055-313-3651,10:30-23:00 라스트오더 22:00,43
국수마을,김해우체국,여러가지 국수를 저렴한 가격에 즐길 수 있는 김해 장유에 소문난 맛집,"잔치국수 \5,000ㅣ비빔국수 \6,000ㅣ냉김치말이국수 \7,000ㅣ해물부추전 \7,000",경남 김해시 능동로7번길 2,055-314-4664,10:30-21:00,44
풍년밥,김해우체국,찰진 돌솥밥에 반찬들이 맛있는 든든한 한끼!,"영양돌솥밥 \9,000ㅣ보리밥 \7,000",경남 김해시 삼안로77번길 15,055-324-6079,11:00-20:00 월요일 휴무,44
버드나무집,김해우체국,맛있다고 소문난품 오리고기 맛집! 칼칼한 오리탕과 담백한 구이와 불고기는 일품,"오리탕 \35,000ㅣ오리소금구이 \40,000ㅣ오리불고기 \40,000",경남 김해시 대동면 동남로41번길 25-24,055-335-6719,10:00-21:00 라스트오더 19:45,44
진영박가네참숯불갈비,김해우체국,가격대비 맛있는 돼지갈비와 신선한 야채로 저녁엔 웨이팅 가능성 있음,"양념돼지왕갈비 \9,900ㅣ돼지생갈비 \9,900ㅣ비빔냉면 \9,900ㅣ물냉면 \9,900",경남 김해시 장유로288번길 5,055-339-0755,16:00-22:00,44
뇽뇽테이블,양산우체국,덮밥 파스타 샐러드 등 다채로운 메뉴로 가족 외식이나 데이트하기 좋은 분위기 있는 맛집!,"우삼겹덮밥 \7,900ㅣ새우투움바 파스타 \11,900ㅣ연어샐러드 \19,900",경남 양산시 물금읍 범구로 14 오슬로파크 1층 k동 8.9.10.호,0507-1357-9783,11:30-15:00 / 17:00-21:00 20:30 라스트오더,45
명곡농원,양산우체국,기력이 부족하다고 느껴질 땐 양산 보양식 맛집 명곡농원!,"오리불고기 \50,000ㅣ오리백숙 \60,000ㅣ닭백숙 \55,000ㅣ옻닭 \55,000ㅣ영계닭 \55,000",경남 양산시 명곡로 491,055-385-6177,10:00-21:00,45
풍미당국시,양산우체국,깔끔하게 점심먹기 좋은곳 양산국수 맛집 풍미당국시,"풍미국수 \6,000ㅣ비빔국수 \7,000ㅣ장칼국수 \8,000ㅣ보리비빔밥 \8,000",경남 양산시 신기1길 5-1 2층,070-8287-2897,11:00-15:00 라스트오더 15:00 일요일 휴무,45
왕카이,양산우체국,탕수육이 맛있는 집이며 재료를 아끼지 않는 중화요리를 맛보고 싶다면 여기!,"탕수육+짜장2 \20,000ㅣ탕수육+쟁반짜장2 군만두 \30,000",경남 양산시 신기1길 15,055-362-7688,11:00-20:00,45
동암식당,양산우체국,얼큰한 명태탕이 일품인 맛집,"보리밥정식 \10,000ㅣ얼큰명태탕 \9,000ㅣ닭한마리칼국수(대) \40,000ㅣ수제비명태탕(대) \40,000",경남 양산시 하북면 월평1길 37,055-383-6598,10:00-20:00 라스트오더 19:30 격주 화요일 휴무,46
내몸에좋은오리,양산우체국,주인 사장님의 손맛이 느껴지는 식당으로 직접만든 반찬들과 백숙이 맛있는집,"한방백숙 \65,000ㅣ옻백숙 \70,000ㅣ오리양념불고기 \50,000ㅣ고등어구이 점심특선 \7,000",경남 양산시 물금읍 동중6길21 1동,055-383-7430,11:40-21:00,46
구선장네횟집 & 파티룸,거제우체국,선장이 직접 운영하고 신선한 회와 푸짐한 사이드메뉴 구성으로 유명한 뷰 맛집!,"모듬회세트(소/2인) \100,000 (중/3인) \120,000 (중/4인) \160,000",경남 거제시 사등면 성포로 77,055-632-2171,10:00-15:00 / 17:00-21:30 20:00 라스트오더,46
슬로우소랑 카페,거제우체국,아름다운 오션뷰와 베이글 맛집으로 유명한 연인들과 가족들이 많이 찾는 핫플!,"곡물크림라떼 \7,000ㅣ아이스크림돌체라떼 \9,000ㅣ각종 베이글 \3,500~",경남 거제시 거제남서로 3955-2,0507-1352-4491,10:30-19:00 18:30 라스트오더,46
연화횟집,거제우체국,모듬회 조합 구성이 좋고 해삼 낙지 멍게 등도 있는 거제도 회 맛집,"모듬회(소) \60,000ㅣ모듬회세트(소) \75,000ㅣ회정식 \20,000ㅣ회덮밥 \12,000",경남 거제시 거제중앙로 1881-6,055-632-8339,11:00-22:00 화요알 휴무,47
고풍쌈밥,거제우체국,수육을 비롯해 10가지 기본찬과 푸짐한 쌈야채가 나오는 거제 현지인 맛집,"수육쌈밥 \15,000ㅣ야채쌈밥 \12,000",경남 거제시 일운면 지세포4길 8,055-682-1335,10:00-20:00 월요일 휴무,47
이든횟집,거제우체국,"신선하고 쫄깃한 회와 여러 반찬, 얼큰한 매운탕을 즐길 수 있는 맛집","모듬회(소) \50,000ㅣ모듬회(중) \60,000ㅣ모듬회(대) \70,000ㅣ회덮밥 \12,000",경남 거제시 계룡로 40,0504-0544-3481,14:00-23:00,47
대원군숯불갈비,거제우체국,매장이 넓고 단체모임에 좋은 숯불 향 그윽한 고기가 생각나게 하는 맛집,"돼지갈비 \11,000ㅣ흑돼지오겹살 \16,000ㅣ소양념갈비 \26,000 평일점심특선 \13,000~\15,000",경남 거제시 거제중앙로31길 32-1,055-638-2556,11:00-15:30 / 16:30-21:30 월요일 휴무,47
쓰리원식당,거제우체국,부부 사장님이 운영하는 맛있는 집밥을 먹을 수 있는 곳으로 넉넉한 인심은 덤!,"갈치조림 1인분 \12,000ㅣ청국장 \9,000",경상남도 거제시 사등면 두동로3길 8,055-637-8545,11:00-22:00 명절휴무,48
통영곤리식당,통영우체국,된장 베이스의 시원한 해물뚝배기와 푸짐한 돼지두루치기가 시그니쳐인 통영 찐 맛집!,"해물뚝배기정식1인 \14,000ㅣ돼지두루치기1인 \11,000ㅣ낚지볶음 2인 \24,000",경상남도 통영시 무전5길 37-111,0507-1421-2553,11:00-15:00 / 17:00-19:40,48
목장원,통영우체국,고퀄리티의 고기를 맛 볼 수 있는 소고기 맛집!,"생불고기버섯전골 \14,000ㅣ안창살 120g \39,000ㅣ모둠 400g \90,000",경상남도 통영시 무전5길 37-23,055-646-0770,11:30-21:30 2·4주 일요일 휴무,48
밀보리베이커리,통영우체국,다양한 종류의 베이커리와 가격까지 착한 빵 맛집!,"통팥빵/소보루/국화빵/버터빵 등 \1,600ㅣ소금빵 \2,600",경상남도 통영시 중앙로 264,055-645-1654,07:00-22:00 2·4주 일요일 휴무,48
못난이꽈배기,통영우체국,통영 북신동시장의 촉촉하고 부드러운 간식 맛집!,"꽈배기 \900ㅣ팥도너츠 \1,200ㅣ유자도너츠 \1,200",경상남도 통영시 북신발개등1길 9,055-648-1635,10:00-20:30,49
블루하라,통영우체국,아기자기한 카페 분위기로 달콤한 커피와 디저트를 함께~!,"라떼 \5,000ㅣ시나몬라떼 \5,500ㅣ디저트 \3,500~",경상남도 통영시 무전5길 12-7,055-648-9636,09:30-22:00 주말 10:30-22:00,49
베지니랑키친,거창우체국,거창 맛집 비건 식당으로 건강한 재료들과 자극적이지 않게 맛있는 요리들!,"버섯샐러드 \14,000ㅣ콩까스 \12,000ㅣ두부자몽샐러드 \12,000ㅣ스페셜볶음쌀국수 \21,000",경남 거창군 남하면 대야길 69-17,070-7093-5555,12:00-15:00 / 18:00-21:00 20:00 라스트오더,49
비룡,거창우체국,해물이 듬뿍 들어간 칼칼하고 시원한 짬뽕 맛집!,"해물짬뽕 \10,000ㅣ탕수육 \15,000~40,000",경상남도 거창군 거창읍 공수들6길 17,055-945-1940,11:30-15:00 / 17:00-20:30 월요일 휴무,49
외양간구시,거창우체국,거창 현지인들도 추천하는 맛집으로 숯불에 구운 한우는 입에서 살살 녹는다!,"한우뭉탱이 \20,000ㅣ한우육회(소) \20,000ㅣ한우소고기 버섯전골(소) \20,000",경상남도 거창군 거창읍 상동2길 70,055-944-4900,11:00-15:00 / 17:00-21:30 20:30 라스트오더 월요일 휴무,50
우담,거창우체국,매장이 넓고 룸도 많아 각종 모임에도 좋은 입에서 사르르 녹는 한우구이 맛집!,"우담스페셜100g \20,000ㅣ한우특수부위 모듬100g \25,000",경상남도 거창군 거창읍 밭들길 87,055-944-0077,11:00-14:30 / 16:30-21:30,50
그맛집,거창우체국,시골 고향에 내려가 먹었던 고향집 그 느낌! 맛있는 보리밥과 불맛가득 고추장 불고기,"보리밥정식 \10,000ㅣ청국장 \9,000",경상남도 거창군 거창읍 강변로8길 17,055-942-9550,12:00-15:00 / 18:00-21:00 20:00 라스트오더,50
영남쌈밥,거창우체국,가정식 쌈밥이 생각나면 가게되는 맛집 건강한 밥상 영남쌈밥,"쌈밥정식 \10,000ㅣ대구뽈찜 \30,000~",경상남도 거창군 거창읍 강변로8길 14,055-942-6788,11:00-22:30 22:00 라스트오더 일요일 휴무,50
지리산옻닭,거창우체국,몸보신에 최고~! 거창 로컬 옻닭·삼계탕 맛집~!,"옻닭 \14,000ㅣ삼계탕 \14,000",경상남도 거창군 거창읍 상동2길 21,055-944-7607,09:30-20:00,51
창성식당,거창우체국,기분 좋은 매콤함! 비빔 짬뽕이 유명한 중식 맛집!,"비빔짬뽕 \8,000",경상남도 거창군 거창읍 죽전4길 132-15,055-944-2575,11:10-15:30 / 17:00-20:00 월요일 휴무,51
거창고제식육식당,거창우체국,거창 고제 주민들이 더욱 추천하는 돼지고기 로컬 맛집,"두루치기 \9,000ㅣ생삼겹 170g \10,000",경상남도 거창군 고제면 입석2길 13,055-942-7061,09:30-20:00,51
미당,거창우체국,할머니의 정성스러운 손맛이 가득한 소바 맛집!,"자루·온·비빔소바 \9,000",경상남도 거창군 거창읍 강변로9길 96-3,055-944-9290,10:00-22:00,51
대가호수카페,고성우체국,대가저수지가 내려다보이는 뷰 좋은 카페,"커피 \5,000~ㅣ밤호박치아바타 \5,000",경상남도 고성군 대가면 대가로279-31 대가돌솥밥 옆 1층 카페,010-7271-5100,10:00-21:00,52
삼거리식당,고성우체국,현지인이 찾는 돼지 생갈비 노포 맛집!,"생갈비 180g \12,000",경상남도 고성군 하이면 봉현2길 44,055-835-8574,11:30-21:00 월요일 휴무,52
왕창이,고성우체국,연탄불에 왕창 구워먹는 고추장 불고기 맛집!,"고추장연탄불고기(2인이상) \9,000ㅣ보쌈정식 \10,000",경상남도 고성군 거류면 거류로 624,0507-1487-7377,평일 11:00-14:30 / 16:30-21:00 주말 11:00-21:00 수요일 휴무 재료 소진 시 영업 종료,52
해금강횟집,고성우체국,자연산 회가 일품인 고성전통시장 맛집!,"모듬회 \50,000~",경상남도 고성군 고성읍 중앙로25번길 47,055-674-2612,12:00-14:00 / 17:30-21:00,52
홍스쭈꾸미,고성우체국,입맛을 자극하는 매콤한 쭈꾸미 맛집!,"쭈꾸미 1인분 \13,000ㅣ쭈삼겹 1인분 \14,000",경상남도 고성군 고성읍 남포로80번길 112-1,0507-1456-1266,11:00-22:00 1·3주 일요일 휴무,53
복만식당,남해우체국,비주얼! 맛! 뷰! 어느 하나 빠지지 않는 갈치구이·조림 맛집,"통 갈치구이 \65,000ㅣ전복 갈치조림 \75,000",경상남도 남해군 남면 남면로 1743,055-863-5151,09:00-20:00,53
청정횟집,남해우체국,친절한 사장님의 정성가득한 맛! 남해 바다뷰 맛집!,"물회 \18,000ㅣ모듬회 \80,000~ㅣ자연산 \100,000~",경상남도 남해군 설천면 노량로183번길 18,0507-1345-7888,09:00-21:00,53
초량정,남해우체국,남해 갈때마다 찾을 수 밖에 없는 신선한 재료와 집밥같은 정갈함이 있는 멸치쌈밥 맛집!,"멸치쌈밥 \10,000ㅣ멸치쌈밥+수육 \14,000",경상남도 남해군 남해읍 화전로38번길 28-4,055-863-1672,12:00-21:00,53
24시 활어회센타,남해우체국,바다향기가 가득한 고소하고 담백한 장어구이가 맛있는집!,"장어구이 1인분 \15,000",경상남도 남해군 남해읍 화전로96번가길 16-1,055-864-4201,11:00-15:00 / 17:00-21:00 월요일 휴무,54
봉정식당,님헤우체국,남해 전통시장 맛집! 할머니의 손맛이 느껴지는 멸치쌈밥 맛집!,"멸치쌈밥 \13,000ㅣ생선구이 \13,000",경상남도 남해군 남해읍 화전로110,055-864-4306,06:00-19:00 명절휴무,54
무쇠왕솥뚜껑,님헤우체국,남해 현지인들이 가는 왕솥뚜껑에 구워먹는 삼겹살 맛집!,"삼겹살150g \12,000",경상남도 남해군 남해읍 화전로96번나길 1,055-864-0533,11:30-21:00,54
딸기네 커피콩방,남해우체국,직접 로스팅한 맛있는 커피와 함께 여유로움을 느낄수 있는 곳,"남해리카노 \4,000ㅣ카페라떼 \4,500ㅣ남해 비파잎차 \4,000",,010-2037-8266,11:00~18:00,54
일품각 본점,밀양우체국,농장에서 직접 무공해로 재배한 채소를 제공하는 농림축산식품부 안심식당,"돼지갈비(200g) \12,000ㅣ한우안창살(120g) \35,000",경상남도 밀양시 석정로 75,055-356-0053,11:30-15:00 / 17:00-21:00 일요일 휴무,55
천하왕소금구이,밀양우체국,건강한 돼지고기에 전문적인 숙성 비법을 더한 국내산 숙성 생고기 맛집,"숙성 삼겹살(130g) \9,000ㅣ천하모듬(소) \39,000",경상남도 밀양시 미리벌로2길 39,055-352-5552,17:00-23:00 2·4주 월요일 휴무,55
진미추어탕,밀양우체국,20년 전통 추억의 진한맛 가마솥 추어탕,"추어탕 \8,000ㅣ추어탕국수 \8,000",경상남도 밀양시 중앙로 66-7,055-354-4389,9:30-18:00 재료 소진 시 영업 종료,55
동부식육식당,밀양우체국,수요미식회 162회 출연! 3대째 이어온 밀양 향토관광음식 지정업소,"돼지국밥 \9,000ㅣ소곰탕 \10,000",,055-352-0023,10:00-15:30 / 17:00-19:00 월요일 휴무,55
해선원생아구찜,밀양우체국,밀양 토박이가 추천하는 생아구요리 맛집!,"아구수육(대) \75,000ㅣ아구찜(대) \45,000",경상남도 밀양시 삼문중앙로4길 12-4,,055-356-8819 (방문 전 영업 유무 확인 필요) 11:00-14:00 / 16:30-20:00 2·4주 월요일 휴무,56
하늘향기,사천우체국,삼천포 수산 시장에서 직접 공수해오는 생선구이 전문점,"생선구이정식 \9,000ㅣ고등어조림정식 \12,000",경상남도 사천시 곤명면 완사1길 10,055-855-1470,11:00-15:00,56
사남오리하우스,사천우체국,간장을 베이스로하는 얇게 썬 오리불고기로 많은 사람들에게 인기 있는 맛집,"오리야채불고기 2인 \43,000 3-4인 \53,000ㅣ염소야채불고기 2인 \79,000",경상남도 사천시 용현면 진삼로 947,055-854-4545,10:00-22:00 20:30 라스트오더,56
염소빵,사천우체국,르꽁드블루 출신의 파티쉐가 만드는 서두르지 않으면 매진되는 빵집 핫플!,"스피니치샌드위치 \6,500ㅣ에그타르트 \3,000ㅣ파칸타르트 \4,000ㅣ몽블랑 \5,500",경상남도 사천시 사남면 유천길 73-12,055-855-6200,07:00-18:00 매주 목 금 토만 운영(일 월 화 수 휴무),56
오서방횟집,사천우체국,국내산 신선한 제철 생선 모듬회와 푸짐한 밑반찬 제공,"모듬회(소) \60,000ㅣ회덮밥 \15,000",경상남도 사천시 서포면 서포로 259,055-855-0177,11:30-15:00 / 17:00-20:30 2·4주 월요일 휴무,57
사천할매콩나물국밥,사천우체국,30년 전통 든든한 아침을 매일 먹을 수 있는 콩나물국밥 맛집,"콩나물국밥 \7,000ㅣ계란말이 \7,000",경상남도 사천시 서포면 서포로 294-1,055-852-0522,06:00-21:00,57
옛날짜장금호각,사천우체국,그때 그 시절 추억의 옛날 짜장면이 먹고 싶을 때 찾는 현지인 맛집,"짜장면 \6,000ㅣ직접 갈아만든 콩국수 \8,000",경상남도 사천시 서포면 서포로 333,055-855-1270,11:00-15:00 2·4주 화요일 휴무,57
약초와버섯골식당,산청우체국,산청 동의보감촌 맛집에서 먹은 잊을 수 없는 1++ 한우버섯전골의 맛!,"약초와버섯샤브샤브 \17,000ㅣ한우불고기전골 \14,000ㅣ약초버섯비빔밥 \8,000",경상남도 산청군 동의보감로555번길 35,055-973-4479,월 11:30-13:30 화-금 11:30-14:30 토-일 11:30-18:30 마감 30분전 라스트오더,57
일신식당,산청우체국,70년 전통의 산청 민물고기 매운탕 맛집!,"쏘가리탕(소) \80,000~ㅣ메기탕(소) \40,000~ㅣ어탕칼국수 \10,000",경상남도 산청군 생초면 산수로 1022-1,0507-1417-2175,08:30-19:00,58
산청엔 흑돼지,산청우체국,순수 누렁이 한우와 황매산 방목 흑돼지를 엄선한 가든식 음식점,"흑돼지 오겹살(150g) \ 13,000ㅣ양념갈비(180g) \ 13,000",경상남도 산청군 산천읍 꽃봉산로 115,0507-1447-8289,11:30-14:00 / 17:00-21:00 월요일 휴무,58
화계식육식당,산청우체국,신선한 고기와 밑반찬이 제공되는 산청 흑돼지 전문식당,"한우 차돌박이 1인분 \15,000ㅣ흑돼지 삼겹살 1인분 \12,000",경상남도 산청군 금서면 동의보감로 1055,055-973-6025,09:00-19:00,58
원지한우생고기식육식당,산청우체국,신선한 소고기를 즉석에서 맛볼 수 있는 가성비 식육식당,"갈비살 \27,000ㅣ육회비빔냉면 \11,000",경상남도 산청군 원지로 70 백마건설중기,055-973-4881,11:00-15:00 / 17:00-21:00 월요일 휴무,58
나들목아구찜,산청우체국,평일 점심에도 만석인 생아구의 진정한 맛을 느낄 수 있는 집!,"아구수육(소) \50,000ㅣ아구찜(소) \40,000",경상남도 산청군 신안면 신차로 17,055-973-8005,09:00-20:00,59
장안식당,산청우체국,두꺼운 흑돼지 삼겹살을 맛볼 수 있는 감성 가득한 식당!,"소고기구이 \27,000ㅣ차돌박이 \17,000",경상남도 산청군 산청읍 꽃봉산로91번길 26-4,055-973-9277,17:00-21:30,59
요리사회초밥,의령우체국,여러가지 푸짐한 반찬과 신선한 회를 즐길 수 있고 가족모임에도 좋은 의령 맛집!,"회정식 \25,000ㅣ회덮밥 \15,000ㅣ모듬회 \60,000~",경상남도 의령군 의령읍 의병로 282-8,055-574-9922,10:30-14:30 / 16:30-21:30 일요일 휴무,59
솥밭돼지국밥,의령우체국,의령에 오면 꼭 소개해주는 의령우체국 인근 의령전통시장 안 숨은 맛집!,"순대국밥 \9,000ㅣ돼지국밥 \9,000",경상남도 의령군 의령읍 의병로20길 26,055-573-8662,10:00-14:00,59
자굴산촌국수,의령우체국,가성비 있는 의령의 국수 맛집!,"물국수 \5,500ㅣ비빔국수 \6,500",경상남도 의령군 칠곡면 칠곡로 54,055-574-4444,10:00-14:00,60
서진식당,의령우체국,야들야들한 고기가 맛있는 한우양지곰탕 맛집!,"한우양지사골곰탕 \12,000ㅣ한우양지사골국수 \10,000",경상남도 의령군 칠곡면 자굴산로 98,0507-1363-0116,08:30-21:00 화요일 정기휴무,60
중동식당,의령우체국,의령 3대 소고기국밥 중 1곳! 우리 한우를 사용하는 전통 소국밥 맛집!!,"소고기국밥 \10,000ㅣ곰탕 \11,000",경상남도 의령군 의령읍 충익로 47-14,055-572-3377,06:30-20:00,60
따뜻한공간 쉼,의령우체국,"고급원두로 지친 일상을 달래주는 아늑한 힐링카페, 쉼","아메리카노 \2,800ㅣ에이드 \4,000ㅣ와플 \4,500ㅣ프라페 \4,400",경상남도 의령군 의령읍 의병로14길 24,055-572-0745,10:00-21:00 월요일 휴무,60
창녕대가,창녕우체국,"넓은공간과 주차장, 단체모임 가족외식에도 좋은 한우전문 소고기구이 맛집!","스페셜한우120g \26,000ㅣ한우등심+특수부위120g \22,000ㅣ한우모듬120g \19,000",경상남도 창녕군 창녕읍 화왕산로 66,055-532-3301,11:30-22:00,61
원아구찜,창녕우체국,산지 직송 국내산 아구만을 사용하는 믿고 먹는 맛집!,"아구찜/대구찜(소) \28,000ㅣ아구탕 \9,000",경상남도 창녕군 창녕읍 종로5,055-532-2236,10:00-22:00,61
진미국밥,창녕우체국,진~한 국물과 정직하고 맛있는 국밥과 순대를 맛볼 수 있는 맛집!,"고기국밥 \9,000ㅣ순대국밥 \9,000ㅣ정통순대 \18,000ㅣ수육 \25,000~",경상남도 창녕군 창녕읍 우포2로 1198,010-4645-5983,10:00-21:00 2·4주 일요일 휴무,61
양반청국장,창녕우체국,창녕대표 향토음식점으로 청국장과 솥밥 고추장불고기 조합은 갓성비!,"청국장 정식 \10,000ㅣ차돌된장정식 \12,000",경상남도 창녕군 창녕읍 화왕산로 64,0507-1443-0175,11:30-15:00 / 17:00-20:30,61
부잣집보쌈,창녕우체국,사장님 손맛으로 몸에 좋은 음식을 맘껏 즐길 수 있는 인테리어와 뷰가 멋진 맛집,"함흥회냉면 \9,000ㅣ육개장 \9,000ㅣ부잣집보삼 \40,000~ㅣ해물보쌈 \40,000~",경상남도 창녕군 영산면 유생길 5,055-536-4383,11:30-21:00,62
화왕산청국장마을,창녕우체국,옛 추억 가득 담긴 오리불고기와 청국장이 맛있는 집!,"오리불고기(중) \25,000ㅣ청국장정식 \8,000",경상남도 창녕군 계성면 계성화왕산로 287-7,055-521-3337,10:30-20:00,62
화정식당,하동우체국,11가지 기본 반찬에 노릇노릇 구운 생선구이 정식이 맛있는 곳,"생선구이정식 \15,000",경상남도 하동군 하동읍 중앙2길 6-7,055-883-5123,06:00-21:00,62
만지횟집,하동우체국,섬진강에서 자란 재첩과 자연산 참게를 사용한 건강한 맛집!,"참게탕 \35,000ㅣ재첩모듬정식 \20,000ㅣ재첩국 \12,000ㅣ참게가리장국 \35,000",경상남도 하동군 하동읍 섬진강대로 2485,055-883-2020,09:00-21:00,62
하양,하동우체국,신선한 재료와 정갈한 반찬 생선구이 맛집!,"돌솥밥 \12,000ㅣ돌솥밥+생선구이 \18,000",경상남도 하동군 하동읍 부두길 12,055-884-1053,06:00-21:00,63
백년국밥,하동우체국,하동 올 때마다 들리게 되는 소문난 국밥 찐 맛집!,"돼지국밥 \8,000ㅣ수육 \20,000~",경상남도 하동군 하동읍 시장3길 12,055-882-9988,10:00-21:00,63
섬진강횟집,하동우체국,건강하고 맛있는 하동군 참게가리장국 전문 맛집!,"참게가리장국/참게탕 \35,000ㅣ하동재첩국 \10,000",경상남도 하동군 하동읍 섬진강대로 2539-8,055-883-5527,08:30-21:00 비시즌 기간이 있어 방문 전 주문메뉴 확인 필요,63
유가네집밥,하동우체국,섬진강 따라가는 여행길을 즐겁게 하는 든든한 백반 정식,"백반정식 \10,000ㅣ비빔밥 \8,000",경상남도 하동군 하동읍 중앙1길 10-1,0507-1456-1266,09:30-23:00 일요일 휴무,63
가야반점짬뽕집,함안우체국,맵기 단계(눈물 조금-눈물 많이-눈물 콧물) 별로 즐기는 짬뽕 맛집,"짬뽕 \7,500ㅣ하얀짬뽕 \8,000",경상남도 함안군 함안대로 510,055-584-1253,11:00-20:30,64
자원오리성,함안우체국,넓은 정원과 마당이 있는 오리고기 맛집,"청둥오리탕 \9,000ㅣ청둥오리불고기 \35,000",경상남도 함안군 가야읍 한절골길 27-7,055-584-4441,11:00-19:00,64
순이네 시골집,함안우체국,집밥이 그리울 때 찾는 함안가야시장 가정식백반맛집,"연잎한상 \14,000ㅣ생선구이+된장 \10,000",경상남도 함안군 가야읍 중앙남길 18,055-585-4808,11:00-14:00 / 17:00-21:00 일요일 휴무,64
감나무집,함안우체국,몸보신이 필요할 때 찾는 맑은 국물 추어탕 맛집,"추어탕+돌솥밥 \8,000",,055-582-3002,10:00-19:00,64
대구식당,함안우체국,백종원 3대천왕에 출연했고 토렴한 한우소고기국밥이 일품인 손님이 끊이지 않는 맛집!,"한우국밥 \8,000ㅣ돼지불고기 \20,000",경상남도 함안군 북촌2길 50-29,055-583-4026,08:30-20:00 월요일 휴무,65
정성가득,함양우체국,이름 그대로 정성이 가득 담긴 집밥이 먹고 싶을 때 찾는 곳,"정식 \8,000ㅣ생선구이정식 \10,000",경상남도 함양군 함양읍 한들로 101,055-964-2335,10:00-14:30 일요일 휴무,65
동막골,함양우체국,"친절한 사장님이 만들어주는 다양한 메뉴, 특히 코다리찜과 갈비찜 모듬전(육전)추천","왕코다리찜정식(1인) \11,000ㅣ왕코다리찜(소) \30,000ㅣ갈비찜(소) \33,000ㅣ모듬전 \20,000",경남 함양군 함양읍 용평4길 5,055-963-3116,10:00-24:00,65
돌대가리,함양우체국,고기 맛 된장 맛 어느 하나 빠지지 않은 생고기 전문점 로컬 맛집!,"소갈비살150g \19,000ㅣ항정살150g \14,000ㅣ오겹살150g \11,000",경상남도 함양군 함양읍 고은로 66,055-963-6637,17:00-24:00 일요일 정기휴무,65
뼈대여행,함양우체국,지리산골 함양에 막창과 등갈비 맛집으로 유명한 곳,"등갈비 \10,000ㅣ갈매기살 \10,000ㅣ막창 \10,000ㅣ가브리살 \10,000",경남 함양군 함양읍 동위천1길 31,055-963-6089,16:00-23:00,66
노가면옥,함양우체국,지리산 흑돼지 · 갈비 · 냉면이 전문인 맛집,"수제양념돼지갈비 \12,000ㅣ오겹살 \11,000ㅣ물냉면 \8,000ㅣ비빔냉면 \9,000",경남 함양군 함양읍 용평길 35,055-964-0340,11:00-21:00,66
참숯골 합천본점,합천우체국,현지인들이 더욱 추천하는 합천지역 유명한 고기 맛집! 고기소진시 조기마감!,"숙성삼겹 \12,000ㅣ돼지갈비 \12,000ㅣ한치물회냉면 \12,000",경상남도 합천군 합천읍 옥산로 31,0507-1481-8593,11:00-14:00 / 17:00-21:00 20:00 라스트오더 화요일 휴무,66
만조횟집,합천우체국,여러가지 바다의 맛을 볼 수 있고 룸도 있어 모임에도 좋은 가성비 좋은 맛집,"모듬회 \60,000~ㅣ문어숙회 \40,000~ㅣ전복구이 \40,000~",경상남도 합천군 합천읍 옥산로 35-1,055-931-5414,11:50-14:00 / 17:00-21:30,66
행복가든,합천우체국,달짝찌근한 양념갈비가 맛있는 돼지갈비 맛집!,"돼지갈비 200g \11,000ㅣ삼겹살 200g \11,000",경상남도 합천군 합천읍 핫들1로 8,055-934-0007,12:00-21:00 화요일 휴무,67
민수네,합천우체국,사장님 손맛이 일품인 돼지주물럭 맛집! 밑반찬도 정성가득!,"돼지주물럭150g \11,000ㅣ삼겹살 150g \11,000",경상남도 합천군 합천읍 동서로60,055-933-3113,10:30-22:00,67
연하정,합천우체국,넉넉한 인심으로 집밥 감성을 느낄 수 있는 맛집!,"석쇠정식 \8,000ㅣ돼지찌개 \8,000",경상남도 합천군 쌍책면 성산큰길 19,055-931-5253,06:30-20:00 일요일 휴무,67
시장식육식당,합천우체국,동네 주민들이 숨겨 두고 찾는 양심 있는 가성비 맛집!,"삼겹살 1인분200g \10,000ㅣ한우생등심 1인분180g \30,000",경상남도 합천군 합천읍 문화로 29,055-933-0130,11:30-20:30,67
합천명품토종흑돼지,합천우체국,대장경테마파크 근처 군침도는 토종 흑돼지 구이 맛집!,"토종왕소금 150g \13,000ㅣ토종삼겹살 150g \13,000ㅣ한방쪽갈비 \40,000~",경상남도 합천군 가야면 가야시장로 106,0507-1308-6055,09:30-22:00,68
산골식당,합천우체국,황매산 바로 밑에 있는 따뜻한 집밥 맛집!,"정식 \8,000ㅣ김치찌개 \8,000ㅣ된장찌개 \8,000",경상남도 합천군 가회면 황매산로57,055-934-0744,10:00-21:00,68
